race_id;pilot_id;lap;time_milisenconds
1;1;1;95816
1;1;2;98273
1;1;3;94309
1;1;4;81666
1;1;5;92641
1;1;6;85309
1;1;7;92535
1;1;8;90385
1;1;9;79880
1;1;10;94146
1;1;11;95286
1;1;12;87500
1;1;13;98590
1;1;14;95008
1;1;15;95271
1;1;16;91777
1;1;17;82656
1;1;18;93184
1;1;19;84169
1;1;20;85976
1;1;21;97627
1;1;22;96654
1;1;23;95402
1;1;24;90244
1;1;25;79826
1;1;26;83360
1;1;27;85781
1;1;28;81934
1;1;29;93046
1;1;30;94013
1;1;31;92921
1;1;32;80709
1;1;33;79146
1;1;34;91079
1;1;35;82715
1;1;36;81722
1;1;37;94699
1;1;38;94569
1;1;39;79356
1;1;40;93739
1;1;41;92486
1;1;42;79479
1;1;43;82686
1;1;44;81604
1;1;45;96771
1;1;46;81761
1;1;47;94961
1;1;48;94821
1;1;49;84576
1;1;50;98426
1;1;51;78456
1;1;52;89927
1;1;53;98100
1;1;54;78264
1;1;55;87935
1;1;56;98256
2;1;1;87327
2;1;2;93324
2;1;3;97157
2;1;4;81870
2;1;5;96362
2;1;6;91756
2;1;7;81448
2;1;8;81088
2;1;9;91563
2;1;10;97040
2;1;11;98147
2;1;12;88753
2;1;13;82680
2;1;14;86865
2;1;15;83226
2;1;16;81310
2;1;17;88939
2;1;18;98325
2;1;19;89944
2;1;20;88959
2;1;21;91915
2;1;22;85242
2;1;23;91390
2;1;24;95250
2;1;25;81308
2;1;26;92454
2;1;27;91727
2;1;28;94986
2;1;29;90060
2;1;30;82577
2;1;31;79274
2;1;32;88909
2;1;33;95878
2;1;34;81500
2;1;35;94471
2;1;36;93136
2;1;37;92940
2;1;38;83521
2;1;39;88682
2;1;40;83807
2;1;41;84297
2;1;42;86666
2;1;43;90403
2;1;44;95184
2;1;45;83751
2;1;46;95997
2;1;47;91667
2;1;48;82067
2;1;49;92070
2;1;50;90520
2;1;51;90589
2;1;52;96128
2;1;53;91813
2;1;54;85149
2;1;55;81941
2;1;56;96549
2;1;57;88708
2;1;58;82650
2;1;59;81455
2;1;60;91430
2;1;61;96583
2;1;62;91729
2;1;63;88226
2;1;64;89267
2;1;65;87541
2;1;66;95729
3;1;1;80244
3;1;2;94443
3;1;3;90933
3;1;4;93640
3;1;5;93759
3;1;6;78497
3;1;7;97997
3;1;8;78991
3;1;9;89594
3;1;10;81802
3;1;11;97365
3;1;12;95160
3;1;13;85110
3;1;14;88609
3;1;15;83403
3;1;16;84617
3;1;17;84260
3;1;18;88124
3;1;19;94192
3;1;20;97873
3;1;21;85968
3;1;22;81964
3;1;23;89305
3;1;24;94897
3;1;25;92980
3;1;26;95010
3;1;27;83591
3;1;28;83845
3;1;29;85814
3;1;30;86747
3;1;31;96394
3;1;32;91671
3;1;33;83177
3;1;34;85663
3;1;35;96738
3;1;36;90509
3;1;37;96013
3;1;38;88964
3;1;39;92605
3;1;40;88677
3;1;41;81705
3;1;42;83418
3;1;43;94663
3;1;44;94417
3;1;45;88588
3;1;46;97705
3;1;47;89211
3;1;48;89163
3;1;49;81623
3;1;50;89589
3;1;51;82614
3;1;52;95546
3;1;53;78940
3;1;54;81220
3;1;55;92700
3;1;56;90247
3;1;57;80331
3;1;58;89134
3;1;59;91019
3;1;60;91288
3;1;61;88500
3;1;62;90231
3;1;63;78400
3;1;64;93728
3;1;65;94177
3;1;66;93624
4;1;1;88142
4;1;2;90390
4;1;3;78415
4;1;4;81482
4;1;5;92929
4;1;6;96547
4;1;7;79162
4;1;8;92520
4;1;9;84173
4;1;10;83872
4;1;11;84578
4;1;12;95194
4;1;13;91233
4;1;14;80381
4;1;15;88032
4;1;16;95318
4;1;17;95421
4;1;18;86823
4;1;19;97658
4;1;20;84800
4;1;21;93378
4;1;22;82932
4;1;23;82086
4;1;24;91342
4;1;25;87301
4;1;26;98145
4;1;27;87785
4;1;28;84138
4;1;29;80959
4;1;30;88316
4;1;31;97542
4;1;32;81940
4;1;33;95357
4;1;34;83930
4;1;35;97774
4;1;36;83768
4;1;37;92866
4;1;38;80002
4;1;39;86381
4;1;40;82817
4;1;41;79596
4;1;42;97418
4;1;43;87867
4;1;44;95795
4;1;45;84512
4;1;46;80277
4;1;47;92833
4;1;48;90124
4;1;49;88487
4;1;50;90486
4;1;51;95838
4;1;52;95276
4;1;53;93570
4;1;54;92883
4;1;55;90806
4;1;56;98227
4;1;57;91234
4;1;58;93087
4;1;59;96141
4;1;60;81193
4;1;61;90758
4;1;62;85962
4;1;63;81132
4;1;64;87256
4;1;65;90208
4;1;66;90602
4;1;67;95699
4;1;68;94418
4;1;69;95702
4;1;70;80199
4;1;71;89711
4;1;72;82009
4;1;73;81556
4;1;74;84531
4;1;75;97591
4;1;76;79030
4;1;77;78553
4;1;78;82210
5;1;1;98554
5;1;2;82315
5;1;3;89944
5;1;4;89443
5;1;5;87719
5;1;6;83536
5;1;7;81071
5;1;8;90454
5;1;9;84665
5;1;10;79704
5;1;11;86632
5;1;12;81299
5;1;13;93457
5;1;14;97093
5;1;15;85063
5;1;16;91413
5;1;17;90883
5;1;18;95430
5;1;19;83072
5;1;20;90374
5;1;21;80804
5;1;22;88444
5;1;23;96190
5;1;24;96032
5;1;25;90824
5;1;26;89904
5;1;27;96460
5;1;28;93473
5;1;29;78926
5;1;30;97762
5;1;31;79899
5;1;32;93310
5;1;33;79193
5;1;34;94190
5;1;35;85873
5;1;36;87370
5;1;37;92566
5;1;38;98310
5;1;39;82580
5;1;40;87612
5;1;41;88387
5;1;42;85144
5;1;43;83929
5;1;44;93256
5;1;45;94917
5;1;46;88461
5;1;47;78255
5;1;48;94558
5;1;49;95683
5;1;50;94379
5;1;51;98331
1;2;1;79246
1;2;2;93217
1;2;3;78641
1;2;4;79358
1;2;5;98052
1;2;6;89659
1;2;7;91526
1;2;8;80113
1;2;9;92324
1;2;10;80369
1;2;11;93005
1;2;12;96013
1;2;13;98454
1;2;14;98018
1;2;15;88287
1;2;16;91290
1;2;17;79184
1;2;18;92440
1;2;19;81185
1;2;20;81667
1;2;21;87476
1;2;22;92830
1;2;23;78816
1;2;24;78227
1;2;25;94738
1;2;26;90181
1;2;27;84875
1;2;28;86649
1;2;29;97569
1;2;30;92273
1;2;31;93123
1;2;32;96333
1;2;33;87674
1;2;34;89070
1;2;35;88425
1;2;36;78974
1;2;37;87308
1;2;38;84425
1;2;39;92160
1;2;40;83025
1;2;41;82171
1;2;42;85437
1;2;43;92162
1;2;44;88538
1;2;45;81050
1;2;46;94850
1;2;47;97066
1;2;48;81220
1;2;49;84005
1;2;50;83058
1;2;51;83203
1;2;52;96403
1;2;53;84854
1;2;54;79760
1;2;55;82387
1;2;56;96362
2;2;1;96714
2;2;2;92225
2;2;3;95454
2;2;4;94906
2;2;5;90662
2;2;6;86327
2;2;7;93577
2;2;8;83864
2;2;9;83945
2;2;10;91973
2;2;11;93759
2;2;12;82867
2;2;13;84076
2;2;14;79502
2;2;15;92414
2;2;16;83942
2;2;17;87801
2;2;18;83871
2;2;19;80980
2;2;20;98234
2;2;21;89528
2;2;22;82358
2;2;23;84608
2;2;24;88197
2;2;25;94720
2;2;26;86053
2;2;27;80898
2;2;28;89325
2;2;29;87919
2;2;30;78349
2;2;31;85047
2;2;32;93468
2;2;33;79834
2;2;34;80501
2;2;35;82183
2;2;36;94849
2;2;37;86384
2;2;38;85124
2;2;39;87570
2;2;40;92674
2;2;41;81673
2;2;42;79678
2;2;43;88086
2;2;44;97654
2;2;45;83759
2;2;46;95743
2;2;47;90346
2;2;48;84653
2;2;49;95610
2;2;50;84330
2;2;51;86851
2;2;52;82992
2;2;53;94596
2;2;54;79571
2;2;55;90532
2;2;56;90726
2;2;57;93801
2;2;58;79276
2;2;59;82159
2;2;60;82169
2;2;61;85930
2;2;62;80000
2;2;63;78921
2;2;64;90545
2;2;65;80894
2;2;66;78695
3;2;1;92604
3;2;2;78513
3;2;3;87146
3;2;4;96642
3;2;5;93521
3;2;6;93757
3;2;7;96653
3;2;8;80251
3;2;9;80726
3;2;10;85039
3;2;11;91818
3;2;12;80932
3;2;13;89840
3;2;14;84724
3;2;15;87081
3;2;16;91994
3;2;17;81453
3;2;18;90512
3;2;19;90641
3;2;20;88033
3;2;21;96730
3;2;22;78224
3;2;23;93887
3;2;24;90914
3;2;25;87469
3;2;26;86627
3;2;27;95932
3;2;28;93777
3;2;29;78098
3;2;30;80156
3;2;31;85730
3;2;32;83178
3;2;33;83569
3;2;34;82226
3;2;35;79723
3;2;36;90265
3;2;37;96733
3;2;38;81389
3;2;39;86100
3;2;40;92707
3;2;41;79653
3;2;42;81396
3;2;43;93447
3;2;44;79124
3;2;45;93575
3;2;46;89564
3;2;47;80445
3;2;48;78371
3;2;49;82318
3;2;50;84542
3;2;51;90076
3;2;52;94305
3;2;53;95013
3;2;54;80231
3;2;55;82978
3;2;56;91727
3;2;57;94775
3;2;58;92701
3;2;59;84027
3;2;60;78050
3;2;61;88414
3;2;62;87854
3;2;63;96884
3;2;64;81732
3;2;65;82554
3;2;66;95085
4;2;1;89277
4;2;2;93889
4;2;3;92204
4;2;4;80066
4;2;5;87775
4;2;6;78479
4;2;7;97362
4;2;8;96093
4;2;9;82794
4;2;10;78192
4;2;11;80420
4;2;12;88939
4;2;13;88495
4;2;14;98148
4;2;15;87760
4;2;16;83929
4;2;17;80362
4;2;18;87171
4;2;19;85951
4;2;20;91436
4;2;21;90248
4;2;22;78571
4;2;23;79033
4;2;24;86212
4;2;25;94606
4;2;26;83054
4;2;27;86165
4;2;28;93523
4;2;29;82307
4;2;30;93140
4;2;31;86901
4;2;32;78848
4;2;33;90355
4;2;34;97227
4;2;35;98349
4;2;36;89323
4;2;37;80276
4;2;38;92062
4;2;39;95125
4;2;40;82724
4;2;41;88452
4;2;42;90766
4;2;43;87441
4;2;44;89991
4;2;45;84652
4;2;46;86436
4;2;47;90817
4;2;48;89668
4;2;49;82126
4;2;50;85769
4;2;51;86160
4;2;52;90478
4;2;53;94251
4;2;54;94350
4;2;55;92533
4;2;56;80443
4;2;57;81739
4;2;58;92952
4;2;59;81606
4;2;60;78303
4;2;61;83579
4;2;62;84233
4;2;63;82094
4;2;64;88502
4;2;65;81222
4;2;66;98128
4;2;67;83199
4;2;68;78606
4;2;69;91413
4;2;70;93199
4;2;71;82836
4;2;72;83696
4;2;73;93613
4;2;74;93648
4;2;75;92838
4;2;76;90917
4;2;77;94607
4;2;78;80550
5;2;1;89859
5;2;2;82285
5;2;3;90777
5;2;4;80541
5;2;5;88304
5;2;6;94916
5;2;7;84470
5;2;8;91174
5;2;9;81041
5;2;10;88411
5;2;11;94483
5;2;12;90871
5;2;13;82184
5;2;14;89718
5;2;15;85352
5;2;16;93725
5;2;17;86571
5;2;18;87987
5;2;19;82127
5;2;20;91179
5;2;21;87767
5;2;22;80842
5;2;23;82847
5;2;24;86512
5;2;25;96207
5;2;26;91836
5;2;27;79346
5;2;28;91389
5;2;29;89553
5;2;30;83211
5;2;31;93160
5;2;32;87065
5;2;33;82213
5;2;34;96611
5;2;35;92370
5;2;36;98008
5;2;37;85651
5;2;38;89772
5;2;39;84583
5;2;40;89660
5;2;41;84544
5;2;42;81688
5;2;43;90749
5;2;44;96184
5;2;45;98357
5;2;46;84561
5;2;47;93932
5;2;48;78957
5;2;49;81617
5;2;50;84215
5;2;51;95146
1;3;1;91014
1;3;2;95901
1;3;3;81045
1;3;4;91317
1;3;5;89545
1;3;6;92613
1;3;7;91646
1;3;8;82485
1;3;9;82305
1;3;10;91621
1;3;11;84009
1;3;12;82420
1;3;13;83341
1;3;14;94541
1;3;15;78714
1;3;16;86890
1;3;17;94283
1;3;18;79449
1;3;19;91522
1;3;20;92557
1;3;21;97901
1;3;22;88050
1;3;23;89628
1;3;24;85889
1;3;25;94681
1;3;26;88372
1;3;27;97988
1;3;28;81681
1;3;29;94231
1;3;30;90256
1;3;31;90367
1;3;32;83802
1;3;33;88985
1;3;34;92056
1;3;35;95404
1;3;36;94897
1;3;37;86234
1;3;38;79194
1;3;39;82626
1;3;40;97431
1;3;41;96598
1;3;42;81290
1;3;43;95531
1;3;44;93334
1;3;45;80629
1;3;46;95554
1;3;47;94261
1;3;48;79954
1;3;49;97816
1;3;50;84121
1;3;51;85381
1;3;52;91268
1;3;53;89920
1;3;54;96248
1;3;55;89919
1;3;56;96258
2;3;1;85012
2;3;2;79048
2;3;3;93549
2;3;4;84427
2;3;5;86833
2;3;6;78148
2;3;7;82846
2;3;8;92773
2;3;9;78093
2;3;10;97293
2;3;11;83654
2;3;12;79653
2;3;13;91788
2;3;14;80394
2;3;15;79373
2;3;16;95172
2;3;17;82189
2;3;18;97032
2;3;19;86418
2;3;20;87999
2;3;21;94033
2;3;22;90707
2;3;23;96313
2;3;24;95328
2;3;25;91849
2;3;26;88017
2;3;27;79920
2;3;28;93443
2;3;29;89391
2;3;30;92568
2;3;31;89469
2;3;32;80266
2;3;33;90640
2;3;34;95233
2;3;35;95577
2;3;36;94586
2;3;37;90709
2;3;38;95325
2;3;39;81473
2;3;40;93539
2;3;41;89842
2;3;42;79791
2;3;43;84147
2;3;44;79306
2;3;45;87936
2;3;46;85504
2;3;47;81957
2;3;48;80926
2;3;49;88563
2;3;50;87242
2;3;51;79761
2;3;52;98097
2;3;53;85832
2;3;54;85140
2;3;55;81750
2;3;56;85924
2;3;57;89521
2;3;58;88317
2;3;59;92500
2;3;60;81088
2;3;61;95430
2;3;62;81691
2;3;63;96729
2;3;64;97937
2;3;65;92907
2;3;66;79789
3;3;1;88450
3;3;2;98221
3;3;3;81569
3;3;4;85608
3;3;5;78302
3;3;6;87103
3;3;7;94370
3;3;8;81375
3;3;9;95343
3;3;10;90420
3;3;11;82234
3;3;12;86292
3;3;13;97830
3;3;14;80680
3;3;15;84410
3;3;16;89926
3;3;17;86272
3;3;18;81890
3;3;19;86721
3;3;20;79475
3;3;21;95271
3;3;22;80547
3;3;23;91882
3;3;24;79885
3;3;25;83146
3;3;26;89478
3;3;27;87394
3;3;28;84386
3;3;29;85275
3;3;30;86726
3;3;31;85506
3;3;32;97047
3;3;33;82882
3;3;34;86019
3;3;35;81323
3;3;36;92361
3;3;37;91661
3;3;38;78196
3;3;39;97059
3;3;40;89424
3;3;41;91695
3;3;42;89590
3;3;43;84040
3;3;44;92468
3;3;45;89133
3;3;46;90701
3;3;47;79870
3;3;48;98282
3;3;49;93388
3;3;50;78216
3;3;51;84294
3;3;52;95987
3;3;53;85548
3;3;54;85880
3;3;55;97670
3;3;56;85742
3;3;57;95946
3;3;58;81879
3;3;59;97422
3;3;60;85912
3;3;61;96412
3;3;62;94792
3;3;63;97930
3;3;64;84111
3;3;65;90561
3;3;66;78735
4;3;1;90161
4;3;2;83444
4;3;3;81989
4;3;4;96531
4;3;5;92065
4;3;6;81146
4;3;7;88033
4;3;8;92535
4;3;9;81032
4;3;10;85670
4;3;11;84264
4;3;12;79328
4;3;13;88334
4;3;14;84827
4;3;15;92242
4;3;16;94176
4;3;17;94939
4;3;18;95709
4;3;19;98084
4;3;20;96910
4;3;21;81359
4;3;22;93958
4;3;23;91327
4;3;24;83484
4;3;25;84245
4;3;26;86751
4;3;27;92862
4;3;28;78776
4;3;29;85740
4;3;30;91458
4;3;31;82576
4;3;32;96035
4;3;33;92558
4;3;34;90750
4;3;35;85095
4;3;36;91401
4;3;37;90762
4;3;38;84628
4;3;39;86997
4;3;40;86634
4;3;41;78631
4;3;42;89914
4;3;43;87711
4;3;44;90634
4;3;45;88863
4;3;46;97403
4;3;47;79954
4;3;48;82720
4;3;49;81925
4;3;50;88173
4;3;51;86881
4;3;52;84192
4;3;53;97186
4;3;54;96817
4;3;55;87252
4;3;56;86336
4;3;57;86769
4;3;58;81835
4;3;59;83921
4;3;60;88976
4;3;61;86806
4;3;62;97309
4;3;63;84031
4;3;64;87421
4;3;65;95636
4;3;66;87041
4;3;67;79480
4;3;68;96246
4;3;69;83276
4;3;70;90240
4;3;71;89537
4;3;72;90578
4;3;73;87305
4;3;74;93569
4;3;75;95675
4;3;76;82599
4;3;77;89842
4;3;78;81484
5;3;1;87889
5;3;2;90296
5;3;3;92292
5;3;4;84930
5;3;5;83558
5;3;6;79487
5;3;7;84329
5;3;8;86285
5;3;9;81327
5;3;10;85889
5;3;11;97487
5;3;12;78118
5;3;13;96089
5;3;14;85316
5;3;15;93383
5;3;16;84504
5;3;17;96395
5;3;18;97749
5;3;19;85646
5;3;20;92698
5;3;21;89981
5;3;22;90567
5;3;23;85917
5;3;24;85741
5;3;25;88056
5;3;26;78675
5;3;27;94671
5;3;28;88000
5;3;29;89006
5;3;30;86393
5;3;31;89138
5;3;32;94125
5;3;33;80293
5;3;34;96115
5;3;35;93285
5;3;36;88262
5;3;37;95785
5;3;38;80733
5;3;39;97440
5;3;40;92168
5;3;41;81222
5;3;42;96577
5;3;43;81206
5;3;44;82954
5;3;45;78836
5;3;46;85857
5;3;47;87337
5;3;48;80512
5;3;49;93871
5;3;50;84840
5;3;51;97905
1;4;1;78180
1;4;2;98467
1;4;3;87809
1;4;4;98595
1;4;5;97662
1;4;6;90284
1;4;7;93594
1;4;8;81107
1;4;9;91195
1;4;10;90037
1;4;11;83659
1;4;12;89832
1;4;13;83041
1;4;14;83070
1;4;15;86761
1;4;16;95628
1;4;17;88285
1;4;18;80462
1;4;19;89322
1;4;20;94906
1;4;21;94540
1;4;22;92320
1;4;23;92265
1;4;24;86247
1;4;25;81804
1;4;26;83511
1;4;27;89421
1;4;28;91482
1;4;29;86873
1;4;30;78601
1;4;31;92659
1;4;32;83285
1;4;33;80541
1;4;34;96321
1;4;35;95199
1;4;36;89885
1;4;37;84870
1;4;38;97673
1;4;39;94855
1;4;40;92144
1;4;41;83529
1;4;42;88463
1;4;43;78416
1;4;44;85282
1;4;45;80130
1;4;46;94630
1;4;47;90950
1;4;48;81983
1;4;49;95080
1;4;50;88783
1;4;51;81175
1;4;52;81696
1;4;53;94413
1;4;54;87499
1;4;55;81127
1;4;56;80197
2;4;1;88923
2;4;2;87145
2;4;3;90637
2;4;4;79193
2;4;5;94142
2;4;6;81964
2;4;7;83578
2;4;8;97213
2;4;9;84426
2;4;10;95185
2;4;11;96779
2;4;12;95081
2;4;13;84873
2;4;14;79895
2;4;15;80259
2;4;16;82382
2;4;17;80683
2;4;18;85493
2;4;19;82758
2;4;20;80141
2;4;21;97684
2;4;22;89363
2;4;23;86917
2;4;24;79159
2;4;25;86246
2;4;26;79222
2;4;27;89188
2;4;28;82386
2;4;29;91421
2;4;30;87781
2;4;31;96987
2;4;32;87023
2;4;33;92038
2;4;34;96403
2;4;35;86836
2;4;36;94031
2;4;37;82962
2;4;38;87446
2;4;39;98404
2;4;40;81690
2;4;41;82146
2;4;42;81873
2;4;43;78582
2;4;44;83541
2;4;45;89032
2;4;46;92237
2;4;47;82591
2;4;48;96758
2;4;49;88915
2;4;50;97358
2;4;51;83420
2;4;52;92048
2;4;53;84105
2;4;54;94865
2;4;55;79914
2;4;56;86341
2;4;57;90650
2;4;58;78003
2;4;59;96874
2;4;60;83172
2;4;61;80163
2;4;62;85741
2;4;63;81121
2;4;64;96288
2;4;65;92998
2;4;66;92436
3;4;1;98000
3;4;2;91163
3;4;3;95827
3;4;4;86698
3;4;5;95075
3;4;6;94635
3;4;7;89890
3;4;8;79720
3;4;9;90430
3;4;10;85631
3;4;11;92132
3;4;12;86352
3;4;13;89687
3;4;14;94802
3;4;15;80078
3;4;16;98472
3;4;17;94675
3;4;18;93007
3;4;19;95275
3;4;20;86971
3;4;21;96194
3;4;22;78702
3;4;23;90532
3;4;24;78897
3;4;25;88543
3;4;26;98328
3;4;27;95506
3;4;28;80860
3;4;29;83414
3;4;30;83425
3;4;31;84371
3;4;32;80962
3;4;33;79297
3;4;34;79970
3;4;35;83933
3;4;36;86482
3;4;37;84184
3;4;38;97666
3;4;39;89247
3;4;40;91285
3;4;41;91814
3;4;42;96956
3;4;43;84287
3;4;44;78904
3;4;45;82160
3;4;46;81802
3;4;47;92946
3;4;48;92350
3;4;49;87601
3;4;50;84520
3;4;51;83171
3;4;52;85480
3;4;53;83706
3;4;54;80090
3;4;55;82406
3;4;56;98063
3;4;57;81418
3;4;58;84502
3;4;59;79859
3;4;60;93823
3;4;61;90948
3;4;62;92841
3;4;63;80775
3;4;64;81433
3;4;65;84828
3;4;66;83816
4;4;1;94211
4;4;2;97266
4;4;3;79770
4;4;4;91191
4;4;5;85414
4;4;6;92279
4;4;7;91551
4;4;8;91597
4;4;9;87611
4;4;10;94833
4;4;11;96183
4;4;12;94415
4;4;13;80443
4;4;14;94273
4;4;15;82107
4;4;16;91172
4;4;17;81594
4;4;18;86307
4;4;19;89170
4;4;20;81393
4;4;21;79994
4;4;22;89829
4;4;23;85700
4;4;24;88348
4;4;25;91557
4;4;26;81007
4;4;27;98447
4;4;28;84141
4;4;29;88027
4;4;30;90017
4;4;31;90662
4;4;32;97681
4;4;33;94712
4;4;34;85744
4;4;35;93680
4;4;36;85363
4;4;37;94620
4;4;38;90578
4;4;39;93001
4;4;40;88163
4;4;41;91992
4;4;42;83811
4;4;43;97007
4;4;44;78600
4;4;45;93708
4;4;46;83450
4;4;47;93475
4;4;48;92876
4;4;49;83828
4;4;50;82309
4;4;51;78467
4;4;52;94757
4;4;53;90189
4;4;54;92813
4;4;55;80780
4;4;56;95599
4;4;57;92056
4;4;58;81820
4;4;59;80288
4;4;60;81352
4;4;61;94461
4;4;62;85085
4;4;63;86827
4;4;64;86890
4;4;65;95797
4;4;66;85697
4;4;67;96280
4;4;68;96595
4;4;69;79605
4;4;70;86921
4;4;71;89115
4;4;72;83613
4;4;73;94757
4;4;74;80635
4;4;75;93403
4;4;76;97628
4;4;77;82093
4;4;78;90648
5;4;1;82614
5;4;2;97196
5;4;3;90792
5;4;4;95528
5;4;5;85038
5;4;6;96253
5;4;7;85281
5;4;8;78689
5;4;9;82961
5;4;10;79456
5;4;11;82891
5;4;12;80649
5;4;13;82717
5;4;14;96236
5;4;15;96612
5;4;16;78962
5;4;17;85234
5;4;18;95136
5;4;19;88816
5;4;20;87215
5;4;21;96847
5;4;22;88242
5;4;23;88629
5;4;24;78649
5;4;25;90190
5;4;26;82514
5;4;27;88005
5;4;28;79471
5;4;29;90898
5;4;30;94381
5;4;31;90067
5;4;32;85828
5;4;33;78513
5;4;34;87601
5;4;35;78282
5;4;36;91363
5;4;37;82567
5;4;38;83773
5;4;39;83721
5;4;40;91706
5;4;41;78344
5;4;42;84481
5;4;43;80045
5;4;44;97485
5;4;45;85016
5;4;46;90389
5;4;47;97326
5;4;48;95258
5;4;49;84928
5;4;50;95482
5;4;51;91164
1;5;1;94033
1;5;2;79330
1;5;3;87274
1;5;4;82567
1;5;5;89556
1;5;6;79478
1;5;7;89992
1;5;8;83104
1;5;9;85972
1;5;10;92284
1;5;11;96961
1;5;12;80089
1;5;13;79242
1;5;14;81689
1;5;15;79923
1;5;16;89895
1;5;17;79329
1;5;18;93536
1;5;19;78404
1;5;20;86940
1;5;21;96207
1;5;22;87185
1;5;23;92742
1;5;24;81085
1;5;25;91329
1;5;26;97904
1;5;27;93362
1;5;28;88782
1;5;29;94798
1;5;30;92583
1;5;31;96138
1;5;32;89365
1;5;33;78950
1;5;34;87820
1;5;35;90372
1;5;36;95537
1;5;37;97742
1;5;38;93929
1;5;39;97097
1;5;40;88289
1;5;41;84855
1;5;42;97827
1;5;43;88362
1;5;44;92738
1;5;45;90031
1;5;46;91437
1;5;47;96551
1;5;48;78533
1;5;49;80712
1;5;50;97379
1;5;51;87923
1;5;52;79161
1;5;53;90191
1;5;54;83618
1;5;55;83257
1;5;56;81061
2;5;1;87572
2;5;2;78281
2;5;3;94116
2;5;4;94052
2;5;5;90710
2;5;6;96166
2;5;7;94748
2;5;8;85585
2;5;9;91613
2;5;10;82587
2;5;11;93323
2;5;12;94681
2;5;13;85750
2;5;14;95553
2;5;15;84526
2;5;16;96531
2;5;17;93879
2;5;18;91715
2;5;19;95938
2;5;20;85229
2;5;21;94217
2;5;22;81956
2;5;23;87522
2;5;24;91026
2;5;25;83466
2;5;26;81510
2;5;27;81958
2;5;28;94230
2;5;29;96099
2;5;30;97728
2;5;31;79694
2;5;32;89258
2;5;33;81757
2;5;34;97720
2;5;35;82854
2;5;36;92594
2;5;37;98078
2;5;38;93956
2;5;39;90436
2;5;40;79972
2;5;41;86184
2;5;42;96130
2;5;43;96485
2;5;44;86649
2;5;45;87362
2;5;46;85176
2;5;47;87955
2;5;48;92792
2;5;49;97438
2;5;50;78447
2;5;51;98071
2;5;52;85929
2;5;53;95588
2;5;54;84465
2;5;55;84810
2;5;56;94412
2;5;57;96569
2;5;58;93507
2;5;59;93694
2;5;60;87559
2;5;61;94057
2;5;62;92747
2;5;63;88379
2;5;64;82467
2;5;65;91289
2;5;66;83523
3;5;1;84321
3;5;2;92653
3;5;3;92767
3;5;4;96368
3;5;5;91714
3;5;6;85477
3;5;7;93332
3;5;8;96808
3;5;9;84007
3;5;10;83980
3;5;11;92089
3;5;12;87405
3;5;13;98596
3;5;14;81019
3;5;15;93520
3;5;16;98480
3;5;17;84902
3;5;18;78601
3;5;19;81502
3;5;20;85002
3;5;21;90082
3;5;22;93993
3;5;23;86475
3;5;24;91241
3;5;25;93878
3;5;26;91862
3;5;27;85752
3;5;28;86866
3;5;29;83840
3;5;30;79980
3;5;31;89239
3;5;32;80570
3;5;33;79270
3;5;34;96009
3;5;35;96507
3;5;36;79316
3;5;37;88964
3;5;38;92575
3;5;39;86294
3;5;40;92399
3;5;41;82815
3;5;42;96610
3;5;43;79239
3;5;44;98320
3;5;45;93907
3;5;46;90153
3;5;47;82768
3;5;48;95880
3;5;49;89544
3;5;50;83825
3;5;51;92730
3;5;52;80666
3;5;53;94860
3;5;54;90098
3;5;55;98327
3;5;56;91348
3;5;57;78255
3;5;58;92256
3;5;59;80227
3;5;60;79376
3;5;61;89964
3;5;62;97057
3;5;63;98337
3;5;64;86263
3;5;65;81024
3;5;66;83739
4;5;1;95556
4;5;2;94974
4;5;3;79076
4;5;4;91653
4;5;5;86249
4;5;6;92582
4;5;7;81180
4;5;8;87528
4;5;9;83171
4;5;10;93498
4;5;11;85802
4;5;12;93556
4;5;13;95128
4;5;14;91643
4;5;15;90118
4;5;16;93430
4;5;17;84778
4;5;18;85941
4;5;19;80149
4;5;20;79342
4;5;21;97475
4;5;22;95253
4;5;23;98240
4;5;24;90432
4;5;25;96911
4;5;26;87293
4;5;27;93524
4;5;28;90208
4;5;29;88039
4;5;30;84769
4;5;31;98097
4;5;32;81513
4;5;33;95416
4;5;34;93567
4;5;35;86572
4;5;36;80161
4;5;37;86286
4;5;38;78136
4;5;39;92243
4;5;40;79747
4;5;41;84904
4;5;42;93064
4;5;43;96965
4;5;44;88546
4;5;45;90815
4;5;46;92014
4;5;47;92092
4;5;48;87106
4;5;49;81991
4;5;50;95776
4;5;51;87521
4;5;52;91556
4;5;53;89032
4;5;54;87819
4;5;55;78715
4;5;56;93121
4;5;57;95766
4;5;58;88397
4;5;59;88876
4;5;60;78893
4;5;61;95272
4;5;62;82311
4;5;63;95778
4;5;64;94485
4;5;65;84297
4;5;66;80265
4;5;67;86349
4;5;68;85281
4;5;69;86604
4;5;70;81900
4;5;71;84432
4;5;72;86089
4;5;73;91686
4;5;74;86385
4;5;75;93646
4;5;76;89001
4;5;77;81295
4;5;78;95623
5;5;1;90129
5;5;2;96656
5;5;3;95332
5;5;4;80633
5;5;5;82991
5;5;6;84473
5;5;7;97047
5;5;8;91571
5;5;9;78790
5;5;10;85330
5;5;11;92835
5;5;12;87812
5;5;13;95109
5;5;14;83815
5;5;15;82324
5;5;16;80008
5;5;17;80043
5;5;18;96065
5;5;19;92742
5;5;20;85292
5;5;21;94000
5;5;22;87948
5;5;23;79841
5;5;24;96398
5;5;25;87499
5;5;26;78790
5;5;27;79541
5;5;28;85134
5;5;29;79120
5;5;30;81769
5;5;31;79839
5;5;32;83307
5;5;33;80943
5;5;34;79692
5;5;35;88769
5;5;36;87659
5;5;37;96032
5;5;38;84646
5;5;39;89396
5;5;40;90679
5;5;41;93975
5;5;42;93882
5;5;43;86671
5;5;44;79493
5;5;45;94649
5;5;46;87245
5;5;47;96574
5;5;48;84843
5;5;49;78782
5;5;50;81287
5;5;51;84539
1;6;1;98584
1;6;2;82878
1;6;3;80392
1;6;4;81571
1;6;5;87885
1;6;6;96254
1;6;7;88923
1;6;8;87664
1;6;9;93151
1;6;10;82744
1;6;11;86473
1;6;12;91330
1;6;13;86994
1;6;14;88288
1;6;15;84037
1;6;16;84959
1;6;17;96094
1;6;18;88604
1;6;19;95081
1;6;20;85904
1;6;21;79002
1;6;22;91392
1;6;23;92917
1;6;24;86131
1;6;25;79916
1;6;26;91521
1;6;27;88192
1;6;28;86618
1;6;29;78318
1;6;30;86652
1;6;31;89725
1;6;32;85860
1;6;33;91109
1;6;34;87459
1;6;35;83900
1;6;36;81194
1;6;37;98137
1;6;38;87117
1;6;39;80206
1;6;40;78234
1;6;41;88791
1;6;42;94305
1;6;43;95916
1;6;44;90489
1;6;45;98123
1;6;46;87702
1;6;47;96492
1;6;48;95732
1;6;49;83858
1;6;50;79643
1;6;51;79578
1;6;52;83160
1;6;53;83780
1;6;54;87858
1;6;55;78953
1;6;56;84413
2;6;1;81675
2;6;2;96661
2;6;3;86497
2;6;4;79998
2;6;5;87868
2;6;6;80792
2;6;7;78382
2;6;8;95498
2;6;9;86345
2;6;10;84919
2;6;11;94881
2;6;12;90921
2;6;13;90325
2;6;14;91668
2;6;15;96641
2;6;16;78524
2;6;17;98380
2;6;18;88882
2;6;19;97061
2;6;20;97352
2;6;21;91523
2;6;22;87946
2;6;23;93680
2;6;24;81303
2;6;25;97479
2;6;26;85767
2;6;27;95517
2;6;28;83785
2;6;29;87338
2;6;30;92283
2;6;31;97701
2;6;32;91372
2;6;33;82944
2;6;34;82734
2;6;35;83910
2;6;36;91133
2;6;37;80883
2;6;38;98525
2;6;39;98471
2;6;40;82503
2;6;41;96911
2;6;42;85609
2;6;43;96827
2;6;44;89057
2;6;45;88037
2;6;46;97412
2;6;47;81282
2;6;48;96316
2;6;49;86235
2;6;50;96892
2;6;51;88401
2;6;52;91694
2;6;53;83689
2;6;54;88957
2;6;55;88264
2;6;56;83956
2;6;57;92633
2;6;58;81320
2;6;59;81597
2;6;60;98418
2;6;61;87042
2;6;62;83976
2;6;63;78643
2;6;64;79540
2;6;65;92637
2;6;66;96770
3;6;1;89231
3;6;2;80458
3;6;3;91195
3;6;4;87008
3;6;5;97012
3;6;6;90715
3;6;7;87793
3;6;8;85024
3;6;9;92227
3;6;10;93884
3;6;11;81200
3;6;12;96422
3;6;13;96004
3;6;14;80567
3;6;15;97453
3;6;16;79255
3;6;17;81836
3;6;18;96744
3;6;19;95145
3;6;20;95868
3;6;21;88016
3;6;22;85629
3;6;23;79417
3;6;24;82847
3;6;25;87261
3;6;26;80223
3;6;27;82204
3;6;28;81808
3;6;29;78221
3;6;30;82754
3;6;31;91924
3;6;32;95168
3;6;33;86030
3;6;34;97244
3;6;35;97201
3;6;36;93262
3;6;37;89368
3;6;38;81994
3;6;39;83790
3;6;40;86036
3;6;41;78221
3;6;42;79672
3;6;43;83680
3;6;44;88769
3;6;45;92684
3;6;46;95325
3;6;47;80006
3;6;48;90721
3;6;49;85895
3;6;50;98573
3;6;51;96259
3;6;52;82066
3;6;53;89911
3;6;54;79640
3;6;55;83116
3;6;56;92307
3;6;57;81085
3;6;58;86146
3;6;59;86930
3;6;60;84057
3;6;61;97843
3;6;62;96659
3;6;63;86189
3;6;64;93914
3;6;65;94856
3;6;66;96227
4;6;1;81019
4;6;2;89166
4;6;3;97872
4;6;4;82871
4;6;5;83056
4;6;6;87066
4;6;7;85915
4;6;8;86948
4;6;9;97983
4;6;10;91095
4;6;11;95709
4;6;12;85519
4;6;13;85561
4;6;14;81998
4;6;15;98112
4;6;16;95420
4;6;17;78764
4;6;18;81914
4;6;19;92027
4;6;20;93440
4;6;21;98572
4;6;22;84795
4;6;23;95128
4;6;24;81503
4;6;25;83124
4;6;26;80222
4;6;27;93085
4;6;28;84941
4;6;29;79402
4;6;30;87199
4;6;31;85139
4;6;32;96747
4;6;33;98294
4;6;34;91436
4;6;35;79367
4;6;36;92875
4;6;37;91188
4;6;38;83064
4;6;39;81998
4;6;40;91179
4;6;41;98541
4;6;42;89394
4;6;43;91492
4;6;44;95561
4;6;45;87865
4;6;46;97846
4;6;47;96444
4;6;48;91346
4;6;49;92562
4;6;50;83402
4;6;51;97841
4;6;52;83713
4;6;53;93395
4;6;54;80235
4;6;55;95276
4;6;56;87770
4;6;57;86228
4;6;58;87307
4;6;59;94625
4;6;60;88007
4;6;61;95282
4;6;62;87511
4;6;63;83168
4;6;64;81590
4;6;65;97876
4;6;66;95497
4;6;67;92342
4;6;68;90298
4;6;69;95614
4;6;70;93897
4;6;71;83269
4;6;72;94999
4;6;73;87287
4;6;74;89187
4;6;75;94149
4;6;76;94393
4;6;77;89260
4;6;78;98087
5;6;1;88074
5;6;2;90822
5;6;3;94307
5;6;4;78831
5;6;5;87176
5;6;6;84636
5;6;7;90640
5;6;8;93554
5;6;9;80693
5;6;10;97955
5;6;11;80138
5;6;12;95853
5;6;13;91148
5;6;14;93273
5;6;15;78508
5;6;16;91910
5;6;17;78001
5;6;18;91769
5;6;19;97777
5;6;20;96358
5;6;21;93445
5;6;22;93970
5;6;23;81724
5;6;24;97678
5;6;25;91377
5;6;26;90269
5;6;27;95730
5;6;28;91431
5;6;29;95714
5;6;30;94384
5;6;31;86423
5;6;32;89279
5;6;33;85259
5;6;34;78836
5;6;35;79413
5;6;36;88078
5;6;37;88755
5;6;38;86864
5;6;39;92471
5;6;40;98205
5;6;41;93500
5;6;42;88051
5;6;43;91802
5;6;44;88607
5;6;45;92193
5;6;46;79059
5;6;47;87114
5;6;48;90438
5;6;49;78744
5;6;50;95877
5;6;51;90433
1;7;1;98463
1;7;2;82731
1;7;3;95562
1;7;4;94160
1;7;5;91778
1;7;6;84629
1;7;7;87708
1;7;8;89229
1;7;9;84187
1;7;10;89151
1;7;11;97195
1;7;12;88348
1;7;13;91628
1;7;14;85455
1;7;15;90253
1;7;16;89775
1;7;17;93654
1;7;18;79960
1;7;19;79057
1;7;20;82043
1;7;21;86831
1;7;22;85786
1;7;23;90806
1;7;24;91546
1;7;25;83195
1;7;26;81747
1;7;27;97891
1;7;28;94649
1;7;29;88613
1;7;30;81317
1;7;31;86205
1;7;32;84120
1;7;33;81949
1;7;34;79732
1;7;35;80027
1;7;36;79287
1;7;37;88845
1;7;38;90035
1;7;39;89975
1;7;40;86426
1;7;41;93932
1;7;42;90781
1;7;43;80302
1;7;44;90732
1;7;45;87071
1;7;46;91784
1;7;47;88104
1;7;48;81311
1;7;49;80480
1;7;50;78892
1;7;51;86034
1;7;52;84558
1;7;53;82913
1;7;54;91511
1;7;55;87454
1;7;56;90261
2;7;1;78128
2;7;2;93473
2;7;3;81845
2;7;4;79755
2;7;5;87586
2;7;6;93696
2;7;7;85847
2;7;8;91888
2;7;9;90603
2;7;10;96031
2;7;11;79545
2;7;12;95293
2;7;13;95594
2;7;14;95110
2;7;15;94915
2;7;16;98545
2;7;17;84506
2;7;18;79752
2;7;19;83195
2;7;20;81010
2;7;21;95649
2;7;22;97491
2;7;23;87878
2;7;24;91569
2;7;25;84262
2;7;26;83119
2;7;27;78804
2;7;28;87193
2;7;29;86892
2;7;30;81555
2;7;31;85315
2;7;32;78818
2;7;33;85567
2;7;34;97375
2;7;35;88520
2;7;36;88533
2;7;37;91142
2;7;38;86055
2;7;39;92201
2;7;40;96554
2;7;41;84227
2;7;42;87769
2;7;43;85202
2;7;44;98454
2;7;45;82932
2;7;46;95934
2;7;47;88414
2;7;48;87957
2;7;49;95950
2;7;50;96463
2;7;51;83896
2;7;52;83227
2;7;53;88055
2;7;54;78612
2;7;55;85425
2;7;56;87737
2;7;57;87386
2;7;58;92883
2;7;59;86816
2;7;60;91254
2;7;61;83898
2;7;62;89077
2;7;63;82904
2;7;64;98321
2;7;65;89486
2;7;66;84727
3;7;1;87945
3;7;2;93303
3;7;3;98373
3;7;4;95507
3;7;5;88105
3;7;6;80252
3;7;7;97391
3;7;8;89122
3;7;9;89991
3;7;10;79552
3;7;11;97841
3;7;12;92209
3;7;13;91184
3;7;14;97184
3;7;15;89972
3;7;16;83283
3;7;17;78612
3;7;18;87641
3;7;19;97957
3;7;20;87036
3;7;21;98282
3;7;22;81690
3;7;23;85644
3;7;24;86536
3;7;25;94902
3;7;26;78329
3;7;27;96340
3;7;28;84583
3;7;29;94877
3;7;30;93416
3;7;31;93878
3;7;32;84877
3;7;33;96282
3;7;34;88872
3;7;35;84108
3;7;36;84408
3;7;37;88779
3;7;38;96704
3;7;39;94450
3;7;40;91373
3;7;41;98441
3;7;42;88963
3;7;43;79579
3;7;44;85069
3;7;45;79886
3;7;46;88828
3;7;47;89846
3;7;48;88570
3;7;49;97092
3;7;50;83258
3;7;51;85781
3;7;52;96899
3;7;53;96627
3;7;54;91984
3;7;55;97695
3;7;56;85617
3;7;57;83093
3;7;58;90472
3;7;59;84699
3;7;60;88901
3;7;61;95281
3;7;62;84280
3;7;63;93645
3;7;64;79880
3;7;65;78179
3;7;66;97535
4;7;1;85989
4;7;2;86935
4;7;3;83386
4;7;4;94591
4;7;5;80310
4;7;6;83413
4;7;7;95227
4;7;8;86896
4;7;9;83027
4;7;10;87937
4;7;11;93787
4;7;12;82014
4;7;13;79746
4;7;14;92498
4;7;15;87023
4;7;16;85673
4;7;17;94122
4;7;18;92876
4;7;19;96122
4;7;20;96772
4;7;21;95387
4;7;22;97107
4;7;23;79424
4;7;24;81339
4;7;25;98512
4;7;26;82472
4;7;27;86435
4;7;28;85392
4;7;29;83201
4;7;30;79016
4;7;31;80560
4;7;32;83774
4;7;33;94941
4;7;34;94329
4;7;35;89602
4;7;36;92374
4;7;37;81577
4;7;38;94084
4;7;39;88585
4;7;40;91319
4;7;41;84111
4;7;42;86690
4;7;43;89645
4;7;44;87290
4;7;45;95561
4;7;46;90518
4;7;47;96346
4;7;48;83078
4;7;49;85745
4;7;50;83823
4;7;51;92311
4;7;52;84215
4;7;53;97580
4;7;54;97103
4;7;55;96375
4;7;56;89911
4;7;57;80964
4;7;58;92890
4;7;59;93695
4;7;60;80568
4;7;61;95932
4;7;62;93147
4;7;63;97841
4;7;64;92651
4;7;65;90589
4;7;66;89585
4;7;67;93186
4;7;68;92905
4;7;69;84135
4;7;70;93440
4;7;71;82442
4;7;72;84359
4;7;73;89277
4;7;74;96595
4;7;75;90528
4;7;76;93633
4;7;77;91343
4;7;78;78440
5;7;1;87989
5;7;2;80163
5;7;3;95704
5;7;4;81408
5;7;5;86142
5;7;6;96357
5;7;7;98043
5;7;8;85530
5;7;9;92702
5;7;10;83137
5;7;11;94634
5;7;12;94391
5;7;13;78368
5;7;14;92531
5;7;15;82849
5;7;16;93530
5;7;17;78461
5;7;18;84143
5;7;19;94922
5;7;20;92955
5;7;21;79890
5;7;22;83481
5;7;23;97479
5;7;24;96158
5;7;25;95156
5;7;26;93177
5;7;27;80770
5;7;28;78421
5;7;29;92005
5;7;30;81401
5;7;31;87203
5;7;32;84588
5;7;33;83992
5;7;34;83201
5;7;35;89753
5;7;36;88005
5;7;37;84025
5;7;38;97728
5;7;39;92110
5;7;40;88854
5;7;41;88203
5;7;42;87753
5;7;43;78840
5;7;44;84719
5;7;45;78893
5;7;46;90112
5;7;47;87087
5;7;48;83755
5;7;49;94762
5;7;50;81818
5;7;51;89248
1;8;1;82817
1;8;2;97041
1;8;3;85546
1;8;4;97836
1;8;5;98559
1;8;6;95175
1;8;7;94450
1;8;8;88516
1;8;9;95556
1;8;10;94060
1;8;11;89332
1;8;12;89262
1;8;13;88127
1;8;14;81866
1;8;15;90877
1;8;16;95997
1;8;17;85173
1;8;18;89315
1;8;19;87727
1;8;20;91545
1;8;21;87551
1;8;22;79267
1;8;23;85286
1;8;24;93210
1;8;25;94631
1;8;26;92284
1;8;27;80607
1;8;28;90272
1;8;29;84788
1;8;30;93986
1;8;31;94126
1;8;32;90936
1;8;33;78462
1;8;34;81722
1;8;35;84105
1;8;36;92068
1;8;37;90289
1;8;38;79732
1;8;39;95262
1;8;40;91476
1;8;41;89410
1;8;42;95386
1;8;43;81789
1;8;44;78464
1;8;45;82681
1;8;46;79942
1;8;47;89089
1;8;48;79731
1;8;49;82780
1;8;50;88751
1;8;51;84197
1;8;52;91249
1;8;53;80354
1;8;54;78096
1;8;55;94505
1;8;56;86431
2;8;1;87780
2;8;2;80208
2;8;3;96666
2;8;4;96141
2;8;5;80410
2;8;6;86497
2;8;7;92123
2;8;8;79374
2;8;9;83642
2;8;10;93911
2;8;11;87391
2;8;12;79282
2;8;13;91636
2;8;14;89247
2;8;15;86343
2;8;16;82368
2;8;17;86954
2;8;18;79063
2;8;19;85048
2;8;20;91752
2;8;21;96971
2;8;22;98191
2;8;23;92806
2;8;24;89826
2;8;25;91257
2;8;26;84562
2;8;27;89234
2;8;28;80105
2;8;29;94252
2;8;30;93142
2;8;31;82426
2;8;32;92061
2;8;33;80849
2;8;34;86863
2;8;35;96798
2;8;36;98387
2;8;37;86032
2;8;38;78406
2;8;39;80229
2;8;40;80522
2;8;41;90466
2;8;42;85395
2;8;43;92957
2;8;44;94177
2;8;45;86141
2;8;46;79927
2;8;47;78497
2;8;48;85315
2;8;49;82433
2;8;50;86074
2;8;51;84096
2;8;52;81002
2;8;53;82040
2;8;54;81164
2;8;55;94528
2;8;56;94068
2;8;57;80614
2;8;58;94750
2;8;59;86408
2;8;60;82050
2;8;61;80227
2;8;62;98231
2;8;63;80202
2;8;64;87045
2;8;65;79610
2;8;66;82411
3;8;1;92377
3;8;2;91746
3;8;3;95306
3;8;4;85922
3;8;5;90075
3;8;6;83737
3;8;7;98185
3;8;8;78723
3;8;9;97123
3;8;10;81812
3;8;11;87780
3;8;12;83608
3;8;13;98525
3;8;14;96383
3;8;15;94997
3;8;16;87251
3;8;17;92428
3;8;18;94503
3;8;19;81878
3;8;20;97647
3;8;21;87642
3;8;22;84268
3;8;23;81973
3;8;24;79654
3;8;25;97941
3;8;26;83177
3;8;27;89242
3;8;28;85465
3;8;29;79664
3;8;30;87044
3;8;31;87724
3;8;32;78618
3;8;33;94493
3;8;34;98450
3;8;35;79056
3;8;36;79866
3;8;37;84026
3;8;38;81911
3;8;39;89357
3;8;40;88674
3;8;41;86138
3;8;42;85166
3;8;43;81642
3;8;44;84356
3;8;45;90641
3;8;46;91179
3;8;47;79743
3;8;48;85636
3;8;49;87127
3;8;50;92929
3;8;51;96335
3;8;52;83830
3;8;53;92162
3;8;54;93685
3;8;55;93451
3;8;56;97505
3;8;57;83516
3;8;58;91954
3;8;59;89993
3;8;60;80037
3;8;61;97413
3;8;62;86997
3;8;63;92743
3;8;64;95227
3;8;65;91205
3;8;66;89206
4;8;1;83743
4;8;2;87746
4;8;3;96984
4;8;4;78403
4;8;5;94013
4;8;6;95182
4;8;7;87894
4;8;8;78776
4;8;9;86818
4;8;10;84755
4;8;11;78648
4;8;12;84185
4;8;13;81364
4;8;14;82743
4;8;15;83417
4;8;16;92911
4;8;17;87142
4;8;18;96657
4;8;19;86000
4;8;20;83007
4;8;21;79659
4;8;22;84268
4;8;23;96624
4;8;24;94128
4;8;25;97567
4;8;26;87606
4;8;27;96210
4;8;28;90211
4;8;29;82402
4;8;30;89242
4;8;31;90666
4;8;32;91289
4;8;33;84490
4;8;34;98493
4;8;35;80936
4;8;36;91797
4;8;37;78500
4;8;38;78208
4;8;39;95652
4;8;40;92144
4;8;41;80085
4;8;42;86826
4;8;43;88466
4;8;44;91802
4;8;45;92736
4;8;46;78014
4;8;47;79888
4;8;48;88888
4;8;49;83616
4;8;50;94918
4;8;51;79051
4;8;52;79629
4;8;53;81502
4;8;54;95526
4;8;55;83741
4;8;56;79613
4;8;57;84183
4;8;58;93659
4;8;59;83466
4;8;60;83704
4;8;61;89769
4;8;62;79034
4;8;63;86579
4;8;64;89356
4;8;65;78012
4;8;66;92496
4;8;67;94024
4;8;68;87780
4;8;69;94782
4;8;70;98445
4;8;71;97133
4;8;72;83429
4;8;73;96215
4;8;74;82522
4;8;75;85188
4;8;76;78488
4;8;77;85926
4;8;78;81680
5;8;1;83133
5;8;2;92525
5;8;3;78712
5;8;4;86015
5;8;5;82013
5;8;6;80833
5;8;7;97362
5;8;8;88453
5;8;9;82120
5;8;10;81021
5;8;11;87314
5;8;12;83814
5;8;13;92444
5;8;14;98264
5;8;15;88136
5;8;16;86719
5;8;17;90898
5;8;18;90181
5;8;19;87579
5;8;20;84901
5;8;21;91378
5;8;22;82539
5;8;23;78803
5;8;24;86075
5;8;25;89335
5;8;26;91669
5;8;27;83740
5;8;28;92670
5;8;29;89985
5;8;30;87665
5;8;31;83718
5;8;32;94122
5;8;33;83376
5;8;34;86146
5;8;35;80495
5;8;36;92729
5;8;37;91519
5;8;38;94218
5;8;39;83999
5;8;40;79342
5;8;41;93794
5;8;42;81320
5;8;43;94402
5;8;44;88338
5;8;45;98163
5;8;46;81461
5;8;47;82386
5;8;48;93399
5;8;49;83982
5;8;50;85144
5;8;51;87263
1;9;1;89783
1;9;2;81589
1;9;3;96486
1;9;4;83618
1;9;5;94254
1;9;6;94243
1;9;7;86136
1;9;8;81611
1;9;9;83700
1;9;10;96520
1;9;11;80138
1;9;12;92685
1;9;13;89756
1;9;14;91138
1;9;15;97748
1;9;16;93433
1;9;17;90216
1;9;18;95377
1;9;19;86613
1;9;20;90205
1;9;21;88925
1;9;22;84609
1;9;23;94197
1;9;24;83950
1;9;25;79393
1;9;26;80684
1;9;27;80233
1;9;28;84083
1;9;29;97040
1;9;30;81784
1;9;31;80538
1;9;32;90293
1;9;33;90037
1;9;34;96940
1;9;35;91841
1;9;36;91241
1;9;37;86279
1;9;38;79348
1;9;39;85483
1;9;40;80834
1;9;41;83959
1;9;42;78721
1;9;43;87827
1;9;44;85808
1;9;45;97789
1;9;46;93547
1;9;47;80572
1;9;48;84765
1;9;49;84523
1;9;50;81908
1;9;51;80304
1;9;52;88777
1;9;53;81584
1;9;54;85933
1;9;55;79089
1;9;56;86664
2;9;1;95229
2;9;2;95713
2;9;3;95485
2;9;4;92171
2;9;5;89689
2;9;6;78122
2;9;7;84787
2;9;8;78234
2;9;9;97633
2;9;10;93446
2;9;11;90483
2;9;12;95210
2;9;13;82696
2;9;14;84705
2;9;15;79979
2;9;16;96622
2;9;17;92414
2;9;18;81719
2;9;19;86423
2;9;20;88671
2;9;21;87209
2;9;22;81822
2;9;23;80029
2;9;24;78113
2;9;25;78003
2;9;26;87926
2;9;27;83712
2;9;28;92887
2;9;29;94653
2;9;30;89439
2;9;31;84207
2;9;32;89308
2;9;33;89111
2;9;34;94409
2;9;35;78680
2;9;36;86608
2;9;37;92441
2;9;38;98515
2;9;39;85584
2;9;40;82074
2;9;41;97976
2;9;42;80813
2;9;43;86817
2;9;44;95270
2;9;45;83041
2;9;46;87536
2;9;47;87835
2;9;48;83785
2;9;49;84853
2;9;50;91528
2;9;51;80297
2;9;52;97684
2;9;53;88549
2;9;54;84848
2;9;55;97155
2;9;56;79586
2;9;57;83531
2;9;58;85133
2;9;59;94154
2;9;60;84562
2;9;61;80723
2;9;62;84519
2;9;63;78733
2;9;64;90267
2;9;65;83991
2;9;66;86973
3;9;1;90379
3;9;2;80127
3;9;3;81284
3;9;4;89414
3;9;5;92767
3;9;6;78021
3;9;7;85209
3;9;8;83628
3;9;9;87303
3;9;10;83618
3;9;11;92376
3;9;12;86881
3;9;13;86536
3;9;14;87598
3;9;15;89436
3;9;16;79625
3;9;17;95718
3;9;18;81339
3;9;19;79889
3;9;20;87383
3;9;21;89969
3;9;22;85194
3;9;23;86453
3;9;24;91887
3;9;25;93137
3;9;26;78952
3;9;27;94717
3;9;28;81564
3;9;29;87018
3;9;30;91157
3;9;31;81621
3;9;32;92134
3;9;33;87468
3;9;34;82641
3;9;35;95620
3;9;36;95199
3;9;37;82402
3;9;38;87562
3;9;39;97194
3;9;40;85253
3;9;41;86663
3;9;42;94143
3;9;43;97814
3;9;44;81250
3;9;45;86459
3;9;46;82976
3;9;47;92766
3;9;48;98269
3;9;49;82456
3;9;50;96227
3;9;51;95620
3;9;52;96317
3;9;53;84899
3;9;54;97104
3;9;55;92104
3;9;56;78378
3;9;57;90649
3;9;58;90323
3;9;59;84881
3;9;60;93428
3;9;61;90547
3;9;62;97042
3;9;63;84495
3;9;64;96023
3;9;65;85329
3;9;66;91683
4;9;1;81160
4;9;2;84461
4;9;3;88519
4;9;4;83938
4;9;5;84792
4;9;6;96612
4;9;7;78704
4;9;8;94817
4;9;9;80980
4;9;10;98140
4;9;11;89129
4;9;12;92127
4;9;13;82710
4;9;14;82071
4;9;15;81736
4;9;16;85393
4;9;17;79466
4;9;18;79295
4;9;19;92257
4;9;20;82421
4;9;21;86642
4;9;22;91996
4;9;23;82838
4;9;24;85741
4;9;25;79661
4;9;26;80122
4;9;27;91457
4;9;28;92727
4;9;29;94208
4;9;30;78166
4;9;31;92888
4;9;32;90004
4;9;33;83183
4;9;34;90250
4;9;35;86475
4;9;36;90381
4;9;37;90496
4;9;38;81304
4;9;39;78604
4;9;40;78678
4;9;41;88275
4;9;42;86123
4;9;43;82895
4;9;44;97138
4;9;45;91634
4;9;46;82557
4;9;47;85818
4;9;48;91626
4;9;49;82325
4;9;50;97284
4;9;51;88939
4;9;52;80624
4;9;53;94213
4;9;54;97762
4;9;55;80276
4;9;56;84726
4;9;57;97840
4;9;58;81161
4;9;59;90180
4;9;60;96527
4;9;61;86010
4;9;62;93923
4;9;63;86520
4;9;64;95371
4;9;65;85159
4;9;66;89358
4;9;67;82439
4;9;68;90579
4;9;69;82363
4;9;70;94639
4;9;71;87985
4;9;72;88607
4;9;73;95804
4;9;74;79289
4;9;75;96735
4;9;76;95688
4;9;77;97210
4;9;78;82995
5;9;1;91092
5;9;2;96787
5;9;3;79699
5;9;4;92375
5;9;5;93213
5;9;6;90444
5;9;7;94534
5;9;8;78424
5;9;9;82635
5;9;10;94301
5;9;11;80303
5;9;12;89473
5;9;13;86708
5;9;14;90360
5;9;15;84604
5;9;16;81315
5;9;17;94176
5;9;18;84108
5;9;19;89547
5;9;20;85966
5;9;21;81143
5;9;22;92783
5;9;23;85951
5;9;24;82763
5;9;25;92716
5;9;26;96747
5;9;27;86443
5;9;28;84194
5;9;29;97717
5;9;30;84801
5;9;31;81446
5;9;32;97224
5;9;33;83368
5;9;34;82778
5;9;35;83605
5;9;36;82681
5;9;37;97736
5;9;38;96066
5;9;39;78668
5;9;40;84872
5;9;41;93425
5;9;42;82931
5;9;43;96041
5;9;44;78699
5;9;45;93092
5;9;46;85013
5;9;47;95354
5;9;48;79144
5;9;49;88547
5;9;50;80721
5;9;51;98003
1;10;1;85038
1;10;2;93025
1;10;3;79197
1;10;4;96169
1;10;5;91428
1;10;6;97668
1;10;7;88009
1;10;8;95559
1;10;9;94141
1;10;10;80930
1;10;11;89799
1;10;12;88890
1;10;13;94612
1;10;14;91074
1;10;15;84924
1;10;16;84134
1;10;17;98341
1;10;18;89633
1;10;19;80866
1;10;20;89520
1;10;21;93669
1;10;22;97428
1;10;23;80636
1;10;24;97411
1;10;25;83157
1;10;26;84335
1;10;27;87848
1;10;28;92737
1;10;29;97160
1;10;30;88503
1;10;31;84510
1;10;32;87848
1;10;33;86692
1;10;34;87601
1;10;35;83552
1;10;36;89786
1;10;37;86233
1;10;38;92623
1;10;39;91488
1;10;40;84707
1;10;41;82429
1;10;42;81307
1;10;43;96530
1;10;44;82708
1;10;45;80888
1;10;46;88668
1;10;47;92103
1;10;48;85533
1;10;49;97217
1;10;50;95866
1;10;51;93244
1;10;52;81426
1;10;53;93298
1;10;54;90340
1;10;55;92226
1;10;56;89663
2;10;1;87000
2;10;2;92774
2;10;3;78143
2;10;4;92727
2;10;5;81192
2;10;6;86455
2;10;7;95857
2;10;8;78074
2;10;9;83280
2;10;10;94669
2;10;11;78885
2;10;12;82001
2;10;13;93122
2;10;14;81819
2;10;15;81919
2;10;16;81726
2;10;17;83722
2;10;18;78892
2;10;19;93102
2;10;20;96275
2;10;21;84427
2;10;22;84911
2;10;23;84591
2;10;24;86763
2;10;25;81247
2;10;26;95930
2;10;27;80837
2;10;28;82443
2;10;29;94499
2;10;30;91442
2;10;31;84293
2;10;32;96385
2;10;33;81914
2;10;34;87097
2;10;35;86177
2;10;36;92466
2;10;37;80952
2;10;38;95361
2;10;39;85689
2;10;40;80454
2;10;41;78587
2;10;42;82957
2;10;43;85345
2;10;44;82576
2;10;45;93979
2;10;46;94953
2;10;47;79886
2;10;48;95394
2;10;49;89661
2;10;50;92460
2;10;51;91063
2;10;52;81890
2;10;53;80660
2;10;54;88845
2;10;55;91802
2;10;56;88458
2;10;57;79978
2;10;58;88346
2;10;59;83087
2;10;60;81398
2;10;61;78037
2;10;62;90865
2;10;63;86162
2;10;64;91357
2;10;65;89364
2;10;66;86782
3;10;1;89295
3;10;2;80500
3;10;3;97548
3;10;4;96318
3;10;5;86648
3;10;6;92146
3;10;7;84810
3;10;8;88865
3;10;9;98495
3;10;10;88896
3;10;11;83055
3;10;12;87347
3;10;13;96133
3;10;14;95574
3;10;15;98128
3;10;16;86414
3;10;17;78723
3;10;18;92806
3;10;19;87144
3;10;20;78245
3;10;21;88129
3;10;22;83001
3;10;23;93898
3;10;24;83082
3;10;25;93939
3;10;26;96086
3;10;27;96780
3;10;28;78559
3;10;29;91236
3;10;30;87268
3;10;31;80160
3;10;32;88289
3;10;33;84240
3;10;34;89178
3;10;35;94033
3;10;36;95133
3;10;37;79436
3;10;38;96509
3;10;39;97596
3;10;40;89009
3;10;41;94782
3;10;42;82023
3;10;43;83671
3;10;44;84055
3;10;45;85264
3;10;46;81716
3;10;47;93902
3;10;48;87777
3;10;49;96328
3;10;50;80098
3;10;51;80723
3;10;52;80541
3;10;53;81878
3;10;54;82346
3;10;55;93073
3;10;56;91369
3;10;57;91177
3;10;58;78788
3;10;59;83809
3;10;60;85854
3;10;61;89098
3;10;62;85601
3;10;63;96122
3;10;64;86766
3;10;65;85347
3;10;66;87216
4;10;1;98434
4;10;2;95102
4;10;3;82239
4;10;4;87379
4;10;5;79808
4;10;6;92592
4;10;7;94780
4;10;8;91553
4;10;9;80329
4;10;10;80284
4;10;11;89965
4;10;12;88388
4;10;13;91058
4;10;14;78984
4;10;15;78963
4;10;16;92618
4;10;17;93220
4;10;18;93106
4;10;19;87895
4;10;20;89092
4;10;21;94321
4;10;22;91486
4;10;23;90755
4;10;24;85224
4;10;25;95557
4;10;26;83562
4;10;27;80993
4;10;28;95111
4;10;29;80677
4;10;30;92331
4;10;31;86411
4;10;32;79679
4;10;33;97428
4;10;34;81129
4;10;35;86815
4;10;36;85428
4;10;37;95341
4;10;38;78751
4;10;39;88867
4;10;40;97944
4;10;41;96796
4;10;42;88016
4;10;43;84606
4;10;44;92687
4;10;45;98389
4;10;46;95150
4;10;47;96709
4;10;48;91961
4;10;49;79103
4;10;50;85668
4;10;51;82501
4;10;52;80921
4;10;53;92414
4;10;54;89718
4;10;55;98067
4;10;56;79146
4;10;57;85095
4;10;58;90113
4;10;59;93611
4;10;60;86572
4;10;61;86643
4;10;62;98007
4;10;63;91465
4;10;64;93579
4;10;65;94821
4;10;66;80941
4;10;67;96406
4;10;68;78492
4;10;69;98517
4;10;70;85559
4;10;71;88179
4;10;72;91444
4;10;73;97180
4;10;74;93323
4;10;75;97262
4;10;76;96427
4;10;77;82855
4;10;78;97975
5;10;1;88503
5;10;2;96814
5;10;3;92156
5;10;4;98561
5;10;5;95685
5;10;6;87605
5;10;7;94487
5;10;8;80865
5;10;9;89941
5;10;10;95698
5;10;11;97715
5;10;12;86998
5;10;13;90254
5;10;14;91071
5;10;15;78843
5;10;16;88690
5;10;17;83043
5;10;18;97301
5;10;19;79768
5;10;20;97729
5;10;21;92133
5;10;22;86404
5;10;23;86658
5;10;24;85029
5;10;25;88544
5;10;26;89660
5;10;27;98196
5;10;28;82936
5;10;29;97639
5;10;30;95150
5;10;31;93126
5;10;32;97286
5;10;33;80347
5;10;34;84285
5;10;35;89619
5;10;36;78669
5;10;37;83095
5;10;38;95703
5;10;39;97936
5;10;40;78583
5;10;41;88747
5;10;42;81008
5;10;43;78967
5;10;44;86218
5;10;45;88177
5;10;46;90209
5;10;47;98104
5;10;48;84180
5;10;49;95547
5;10;50;93536
5;10;51;84398
1;11;1;98488
1;11;2;91478
1;11;3;94908
1;11;4;83657
1;11;5;87850
1;11;6;89481
1;11;7;88252
1;11;8;81502
1;11;9;98035
1;11;10;86473
1;11;11;90716
1;11;12;87141
1;11;13;90608
1;11;14;91236
1;11;15;92639
1;11;16;95875
1;11;17;92150
1;11;18;87177
1;11;19;86478
1;11;20;80484
1;11;21;95078
1;11;22;97910
1;11;23;90377
1;11;24;96511
1;11;25;86855
1;11;26;84504
1;11;27;89741
1;11;28;91830
1;11;29;81593
1;11;30;90296
1;11;31;84752
1;11;32;88123
1;11;33;84318
1;11;34;94755
1;11;35;81184
1;11;36;84320
1;11;37;88449
1;11;38;95998
1;11;39;93951
1;11;40;81634
1;11;41;89627
1;11;42;78560
1;11;43;89854
1;11;44;90781
1;11;45;83206
1;11;46;84834
1;11;47;98250
1;11;48;94656
1;11;49;93197
1;11;50;83293
1;11;51;83944
1;11;52;88704
1;11;53;89139
1;11;54;86167
1;11;55;89674
1;11;56;97633
2;11;1;79501
2;11;2;91757
2;11;3;88477
2;11;4;79032
2;11;5;92175
2;11;6;82202
2;11;7;78883
2;11;8;82407
2;11;9;81932
2;11;10;92423
2;11;11;90316
2;11;12;86209
2;11;13;94395
2;11;14;94629
2;11;15;92167
2;11;16;84436
2;11;17;80410
2;11;18;79870
2;11;19;85703
2;11;20;97774
2;11;21;79546
2;11;22;78685
2;11;23;96656
2;11;24;79004
2;11;25;94665
2;11;26;92343
2;11;27;84666
2;11;28;85848
2;11;29;79863
2;11;30;86748
2;11;31;92996
2;11;32;92193
2;11;33;83900
2;11;34;88569
2;11;35;96714
2;11;36;89698
2;11;37;92133
2;11;38;89143
2;11;39;90614
2;11;40;85702
2;11;41;90974
2;11;42;95304
2;11;43;90329
2;11;44;96781
2;11;45;93472
2;11;46;83044
2;11;47;79275
2;11;48;90831
2;11;49;92635
2;11;50;80355
2;11;51;97996
2;11;52;78881
2;11;53;79764
2;11;54;85619
2;11;55;85544
2;11;56;89421
2;11;57;78030
2;11;58;91915
2;11;59;78545
2;11;60;96407
2;11;61;84428
2;11;62;90742
2;11;63;97964
2;11;64;89943
2;11;65;85066
2;11;66;87135
3;11;1;82242
3;11;2;89249
3;11;3;97384
3;11;4;88883
3;11;5;80647
3;11;6;92465
3;11;7;86552
3;11;8;81158
3;11;9;81862
3;11;10;86460
3;11;11;86505
3;11;12;83145
3;11;13;85401
3;11;14;94448
3;11;15;87874
3;11;16;90833
3;11;17;98121
3;11;18;79909
3;11;19;98070
3;11;20;91933
3;11;21;96842
3;11;22;92569
3;11;23;83640
3;11;24;87007
3;11;25;91318
3;11;26;85768
3;11;27;79996
3;11;28;81148
3;11;29;88579
3;11;30;81060
3;11;31;97087
3;11;32;78256
3;11;33;97472
3;11;34;94703
3;11;35;92004
3;11;36;96762
3;11;37;81896
3;11;38;96453
3;11;39;92718
3;11;40;91515
3;11;41;86102
3;11;42;82190
3;11;43;94120
3;11;44;79926
3;11;45;96122
3;11;46;96544
3;11;47;93874
3;11;48;90510
3;11;49;93590
3;11;50;80010
3;11;51;84885
3;11;52;81900
3;11;53;97315
3;11;54;94383
3;11;55;97860
3;11;56;95726
3;11;57;85823
3;11;58;86715
3;11;59;78760
3;11;60;88248
3;11;61;89519
3;11;62;97055
3;11;63;82712
3;11;64;82211
3;11;65;84702
3;11;66;84115
4;11;1;78776
4;11;2;80732
4;11;3;89240
4;11;4;79377
4;11;5;95705
4;11;6;90154
4;11;7;79530
4;11;8;91599
4;11;9;80896
4;11;10;86351
4;11;11;84287
4;11;12;90873
4;11;13;83046
4;11;14;92210
4;11;15;81545
4;11;16;80418
4;11;17;91499
4;11;18;89302
4;11;19;78323
4;11;20;85658
4;11;21;86280
4;11;22;96151
4;11;23;84486
4;11;24;85038
4;11;25;82764
4;11;26;97958
4;11;27;95849
4;11;28;90070
4;11;29;93016
4;11;30;91291
4;11;31;92454
4;11;32;78858
4;11;33;91403
4;11;34;86125
4;11;35;84372
4;11;36;94059
4;11;37;90112
4;11;38;84398
4;11;39;86792
4;11;40;84135
4;11;41;90769
4;11;42;78751
4;11;43;79492
4;11;44;83504
4;11;45;89885
4;11;46;93060
4;11;47;78023
4;11;48;96093
4;11;49;88399
4;11;50;81913
4;11;51;87672
4;11;52;85599
4;11;53;89973
4;11;54;84143
4;11;55;92438
4;11;56;89416
4;11;57;85614
4;11;58;83131
4;11;59;93386
4;11;60;96750
4;11;61;88707
4;11;62;81300
4;11;63;94209
4;11;64;84653
4;11;65;83409
4;11;66;88712
4;11;67;97665
4;11;68;87471
4;11;69;92691
4;11;70;78958
4;11;71;98076
4;11;72;90128
4;11;73;86655
4;11;74;97278
4;11;75;91136
4;11;76;81361
4;11;77;84334
4;11;78;87768
5;11;1;81700
5;11;2;80774
5;11;3;89541
5;11;4;86638
5;11;5;84476
5;11;6;84385
5;11;7;87139
5;11;8;86667
5;11;9;83648
5;11;10;82179
5;11;11;97593
5;11;12;88888
5;11;13;83343
5;11;14;87629
5;11;15;93658
5;11;16;80839
5;11;17;81132
5;11;18;96210
5;11;19;78241
5;11;20;81444
5;11;21;85470
5;11;22;81912
5;11;23;89193
5;11;24;83472
5;11;25;87356
5;11;26;95711
5;11;27;85307
5;11;28;85658
5;11;29;86076
5;11;30;82610
5;11;31;89721
5;11;32;78055
5;11;33;83043
5;11;34;79051
5;11;35;86605
5;11;36;80770
5;11;37;93222
5;11;38;92706
5;11;39;92708
5;11;40;94998
5;11;41;89203
5;11;42;88585
5;11;43;91730
5;11;44;93405
5;11;45;88442
5;11;46;95921
5;11;47;80852
5;11;48;89952
5;11;49;88879
5;11;50;87089
5;11;51;83320
1;12;1;78458
1;12;2;94890
1;12;3;87998
1;12;4;88523
1;12;5;79366
1;12;6;90908
1;12;7;84934
1;12;8;87891
1;12;9;87188
1;12;10;95573
1;12;11;83329
1;12;12;82444
1;12;13;95296
1;12;14;96567
1;12;15;87208
1;12;16;92010
1;12;17;98341
1;12;18;90300
1;12;19;97886
1;12;20;87796
1;12;21;92046
1;12;22;85798
1;12;23;95626
1;12;24;79312
1;12;25;96543
1;12;26;94092
1;12;27;83167
1;12;28;85330
1;12;29;80802
1;12;30;84786
1;12;31;94450
1;12;32;88845
1;12;33;81620
1;12;34;78925
1;12;35;82381
1;12;36;87374
1;12;37;95478
1;12;38;97917
1;12;39;87451
1;12;40;82734
1;12;41;84086
1;12;42;91645
1;12;43;93297
1;12;44;93482
1;12;45;91947
1;12;46;84728
1;12;47;91368
1;12;48;96927
1;12;49;86713
1;12;50;93489
1;12;51;82625
1;12;52;87578
1;12;53;84598
1;12;54;86100
1;12;55;86089
1;12;56;93766
2;12;1;80725
2;12;2;98513
2;12;3;96514
2;12;4;84346
2;12;5;94216
2;12;6;86685
2;12;7;88475
2;12;8;85425
2;12;9;90707
2;12;10;88912
2;12;11;86973
2;12;12;81423
2;12;13;84888
2;12;14;92418
2;12;15;88541
2;12;16;98429
2;12;17;90395
2;12;18;89571
2;12;19;90787
2;12;20;91976
2;12;21;94362
2;12;22;97630
2;12;23;78320
2;12;24;83961
2;12;25;95539
2;12;26;92424
2;12;27;86721
2;12;28;85028
2;12;29;95960
2;12;30;85115
2;12;31;91770
2;12;32;97541
2;12;33;96199
2;12;34;85119
2;12;35;87946
2;12;36;96438
2;12;37;86686
2;12;38;97604
2;12;39;84749
2;12;40;80456
2;12;41;78301
2;12;42;86364
2;12;43;78841
2;12;44;92113
2;12;45;93196
2;12;46;84044
2;12;47;90342
2;12;48;93663
2;12;49;93543
2;12;50;78488
2;12;51;97634
2;12;52;97497
2;12;53;84568
2;12;54;78907
2;12;55;98566
2;12;56;88834
2;12;57;80234
2;12;58;80790
2;12;59;79710
2;12;60;84146
2;12;61;96771
2;12;62;85424
2;12;63;86130
2;12;64;85661
2;12;65;81789
2;12;66;98221
3;12;1;83391
3;12;2;94281
3;12;3;82572
3;12;4;96976
3;12;5;83975
3;12;6;94168
3;12;7;86026
3;12;8;81207
3;12;9;84167
3;12;10;86497
3;12;11;93385
3;12;12;94343
3;12;13;91711
3;12;14;87572
3;12;15;98010
3;12;16;80075
3;12;17;82573
3;12;18;91567
3;12;19;89942
3;12;20;89789
3;12;21;81433
3;12;22;87596
3;12;23;78628
3;12;24;85830
3;12;25;79505
3;12;26;90632
3;12;27;88679
3;12;28;78252
3;12;29;82364
3;12;30;88995
3;12;31;95607
3;12;32;94495
3;12;33;79360
3;12;34;78543
3;12;35;79784
3;12;36;85172
3;12;37;93712
3;12;38;94212
3;12;39;86655
3;12;40;82717
3;12;41;97374
3;12;42;83668
3;12;43;85353
3;12;44;79313
3;12;45;94861
3;12;46;82618
3;12;47;78346
3;12;48;92136
3;12;49;98411
3;12;50;81044
3;12;51;91321
3;12;52;91374
3;12;53;92036
3;12;54;86555
3;12;55;79347
3;12;56;89892
3;12;57;90206
3;12;58;83423
3;12;59;78359
3;12;60;86397
3;12;61;97028
3;12;62;79538
3;12;63;82298
3;12;64;95217
3;12;65;79225
3;12;66;82920
4;12;1;81084
4;12;2;86823
4;12;3;92992
4;12;4;85525
4;12;5;98165
4;12;6;96173
4;12;7;88902
4;12;8;79886
4;12;9;86297
4;12;10;95089
4;12;11;84983
4;12;12;89461
4;12;13;94897
4;12;14;78099
4;12;15;96174
4;12;16;89474
4;12;17;95802
4;12;18;81212
4;12;19;83831
4;12;20;98596
4;12;21;89544
4;12;22;92908
4;12;23;87165
4;12;24;85074
4;12;25;78851
4;12;26;90160
4;12;27;92315
4;12;28;81349
4;12;29;84570
4;12;30;78564
4;12;31;94986
4;12;32;80442
4;12;33;88364
4;12;34;88580
4;12;35;91217
4;12;36;81470
4;12;37;95249
4;12;38;88945
4;12;39;91837
4;12;40;79545
4;12;41;87119
4;12;42;88383
4;12;43;83624
4;12;44;97982
4;12;45;88016
4;12;46;94207
4;12;47;87648
4;12;48;90433
4;12;49;93116
4;12;50;87899
4;12;51;95504
4;12;52;87007
4;12;53;89175
4;12;54;87465
4;12;55;98196
4;12;56;96542
4;12;57;91820
4;12;58;98135
4;12;59;97957
4;12;60;89450
4;12;61;93335
4;12;62;96928
4;12;63;93281
4;12;64;88630
4;12;65;93930
4;12;66;87458
4;12;67;97986
4;12;68;81199
4;12;69;90418
4;12;70;98579
4;12;71;94337
4;12;72;89035
4;12;73;81907
4;12;74;90082
4;12;75;88899
4;12;76;94619
4;12;77;83209
4;12;78;93765
5;12;1;95422
5;12;2;87065
5;12;3;81011
5;12;4;89743
5;12;5;88662
5;12;6;82617
5;12;7;90400
5;12;8;87914
5;12;9;88376
5;12;10;91379
5;12;11;83995
5;12;12;83750
5;12;13;94215
5;12;14;81896
5;12;15;96280
5;12;16;79551
5;12;17;83267
5;12;18;83186
5;12;19;86819
5;12;20;82238
5;12;21;91383
5;12;22;90324
5;12;23;81179
5;12;24;84062
5;12;25;91731
5;12;26;93154
5;12;27;93074
5;12;28;89497
5;12;29;94082
5;12;30;97187
5;12;31;94083
5;12;32;85816
5;12;33;91017
5;12;34;83096
5;12;35;92580
5;12;36;78847
5;12;37;86757
5;12;38;94333
5;12;39;82376
5;12;40;90178
5;12;41;89905
5;12;42;97101
5;12;43;88980
5;12;44;87761
5;12;45;96321
5;12;46;97978
5;12;47;83503
5;12;48;82382
5;12;49;89740
5;12;50;94134
5;12;51;98329
1;13;1;78161
1;13;2;79543
1;13;3;79120
1;13;4;87374
1;13;5;85432
1;13;6;78244
1;13;7;88599
1;13;8;93702
1;13;9;87843
1;13;10;93417
1;13;11;80731
1;13;12;81129
1;13;13;84314
1;13;14;90052
1;13;15;96200
1;13;16;86924
1;13;17;95482
1;13;18;81941
1;13;19;95017
1;13;20;78469
1;13;21;78823
1;13;22;89790
1;13;23;85281
1;13;24;87936
1;13;25;88438
1;13;26;87685
1;13;27;81793
1;13;28;96818
1;13;29;91473
1;13;30;95345
1;13;31;86528
1;13;32;80942
1;13;33;95483
1;13;34;98177
1;13;35;98200
1;13;36;97570
1;13;37;95800
1;13;38;79678
1;13;39;87780
1;13;40;89602
1;13;41;78139
1;13;42;80248
1;13;43;79580
1;13;44;79741
1;13;45;83882
1;13;46;93194
1;13;47;92747
1;13;48;95750
1;13;49;92546
1;13;50;83593
1;13;51;84283
1;13;52;95417
1;13;53;97584
1;13;54;89598
1;13;55;80551
1;13;56;78942
2;13;1;89425
2;13;2;92022
2;13;3;98343
2;13;4;91026
2;13;5;79873
2;13;6;80181
2;13;7;78344
2;13;8;97847
2;13;9;84026
2;13;10;84890
2;13;11;95245
2;13;12;80267
2;13;13;78132
2;13;14;89857
2;13;15;81211
2;13;16;95772
2;13;17;97499
2;13;18;93994
2;13;19;86394
2;13;20;84198
2;13;21;94705
2;13;22;97079
2;13;23;87338
2;13;24;97064
2;13;25;91464
2;13;26;95831
2;13;27;97362
2;13;28;81988
2;13;29;91001
2;13;30;83387
2;13;31;84093
2;13;32;90177
2;13;33;95252
2;13;34;95966
2;13;35;83877
2;13;36;93807
2;13;37;95199
2;13;38;96469
2;13;39;86982
2;13;40;83791
2;13;41;81178
2;13;42;89784
2;13;43;89320
2;13;44;92959
2;13;45;93891
2;13;46;82230
2;13;47;83673
2;13;48;83361
2;13;49;79311
2;13;50;81918
2;13;51;95819
2;13;52;89139
2;13;53;87994
2;13;54;86429
2;13;55;83707
2;13;56;88542
2;13;57;98018
2;13;58;92269
2;13;59;84788
2;13;60;79116
2;13;61;98026
2;13;62;83119
2;13;63;80701
2;13;64;78398
2;13;65;85577
2;13;66;91811
3;13;1;83519
3;13;2;98228
3;13;3;92348
3;13;4;95148
3;13;5;90684
3;13;6;83985
3;13;7;81935
3;13;8;91019
3;13;9;93319
3;13;10;95386
3;13;11;98082
3;13;12;78744
3;13;13;90949
3;13;14;79574
3;13;15;89176
3;13;16;97532
3;13;17;80859
3;13;18;91784
3;13;19;97101
3;13;20;98323
3;13;21;89939
3;13;22;94341
3;13;23;89809
3;13;24;86865
3;13;25;80202
3;13;26;86198
3;13;27;91711
3;13;28;81940
3;13;29;95730
3;13;30;83568
3;13;31;79862
3;13;32;79102
3;13;33;78356
3;13;34;86526
3;13;35;81930
3;13;36;80914
3;13;37;81708
3;13;38;80086
3;13;39;84764
3;13;40;97358
3;13;41;94773
3;13;42;91694
3;13;43;87407
3;13;44;97001
3;13;45;95927
3;13;46;78780
3;13;47;78796
3;13;48;97550
3;13;49;94620
3;13;50;81941
3;13;51;92035
3;13;52;88490
3;13;53;96273
3;13;54;86309
3;13;55;82512
3;13;56;83335
3;13;57;81068
3;13;58;96529
3;13;59;90201
3;13;60;95924
3;13;61;91460
3;13;62;82596
3;13;63;86403
3;13;64;82988
3;13;65;83837
3;13;66;91304
4;13;1;91455
4;13;2;85252
4;13;3;93397
4;13;4;83891
4;13;5;79188
4;13;6;89135
4;13;7;88816
4;13;8;78160
4;13;9;85378
4;13;10;91522
4;13;11;89847
4;13;12;90306
4;13;13;97222
4;13;14;88192
4;13;15;93309
4;13;16;95091
4;13;17;89110
4;13;18;82963
4;13;19;83444
4;13;20;81389
4;13;21;87866
4;13;22;84809
4;13;23;82923
4;13;24;95039
4;13;25;92813
4;13;26;95241
4;13;27;79684
4;13;28;98245
4;13;29;92867
4;13;30;87877
4;13;31;83682
4;13;32;78694
4;13;33;83197
4;13;34;96666
4;13;35;92054
4;13;36;96402
4;13;37;89778
4;13;38;83367
4;13;39;86031
4;13;40;87266
4;13;41;85841
4;13;42;93693
4;13;43;90224
4;13;44;93150
4;13;45;81172
4;13;46;90653
4;13;47;78797
4;13;48;91422
4;13;49;97619
4;13;50;85072
4;13;51;80433
4;13;52;95629
4;13;53;85263
4;13;54;86388
4;13;55;91644
4;13;56;96396
4;13;57;84222
4;13;58;79902
4;13;59;94679
4;13;60;90802
4;13;61;96680
4;13;62;96331
4;13;63;97446
4;13;64;94800
4;13;65;89176
4;13;66;87838
4;13;67;96784
4;13;68;85185
4;13;69;81372
4;13;70;86920
4;13;71;87813
4;13;72;97805
4;13;73;88881
4;13;74;93085
4;13;75;95692
4;13;76;93658
4;13;77;84887
4;13;78;82405
5;13;1;85306
5;13;2;96984
5;13;3;90542
5;13;4;88039
5;13;5;81555
5;13;6;90151
5;13;7;91064
5;13;8;78305
5;13;9;80277
5;13;10;98332
5;13;11;79283
5;13;12;82372
5;13;13;81574
5;13;14;83189
5;13;15;78027
5;13;16;94959
5;13;17;89308
5;13;18;91261
5;13;19;89833
5;13;20;78193
5;13;21;88676
5;13;22;80392
5;13;23;84648
5;13;24;88933
5;13;25;91616
5;13;26;90443
5;13;27;84343
5;13;28;84584
5;13;29;87074
5;13;30;90237
5;13;31;94694
5;13;32;80954
5;13;33;95109
5;13;34;90579
5;13;35;92868
5;13;36;94292
5;13;37;96613
5;13;38;88840
5;13;39;80881
5;13;40;97310
5;13;41;90331
5;13;42;93956
5;13;43;83616
5;13;44;88480
5;13;45;85098
5;13;46;79159
5;13;47;96808
5;13;48;96889
5;13;49;82830
5;13;50;83725
5;13;51;87300
1;14;1;85403
1;14;2;79173
1;14;3;92011
1;14;4;97108
1;14;5;95541
1;14;6;84880
1;14;7;87568
1;14;8;83988
1;14;9;84973
1;14;10;93389
1;14;11;78990
1;14;12;78348
1;14;13;92041
1;14;14;87986
1;14;15;90787
1;14;16;95860
1;14;17;91454
1;14;18;81416
1;14;19;97803
1;14;20;94544
1;14;21;82293
1;14;22;78393
1;14;23;94663
1;14;24;96409
1;14;25;85868
1;14;26;81206
1;14;27;80934
1;14;28;78319
1;14;29;79945
1;14;30;85088
1;14;31;88441
1;14;32;91209
1;14;33;95049
1;14;34;93483
1;14;35;87285
1;14;36;79914
1;14;37;81692
1;14;38;97054
1;14;39;84793
1;14;40;80144
1;14;41;93545
1;14;42;97787
1;14;43;84812
1;14;44;80847
1;14;45;88515
1;14;46;97472
1;14;47;85987
1;14;48;96440
1;14;49;93690
1;14;50;84872
1;14;51;95652
1;14;52;97468
1;14;53;85979
1;14;54;80846
1;14;55;87264
1;14;56;82473
2;14;1;91809
2;14;2;95557
2;14;3;90478
2;14;4;84867
2;14;5;87063
2;14;6;86309
2;14;7;93464
2;14;8;94251
2;14;9;90847
2;14;10;83181
2;14;11;87790
2;14;12;83327
2;14;13;81864
2;14;14;85824
2;14;15;94588
2;14;16;85111
2;14;17;89588
2;14;18;86481
2;14;19;96639
2;14;20;82990
2;14;21;91695
2;14;22;84865
2;14;23;81476
2;14;24;81030
2;14;25;90693
2;14;26;79892
2;14;27;95747
2;14;28;92259
2;14;29;95285
2;14;30;79435
2;14;31;87781
2;14;32;96544
2;14;33;87040
2;14;34;84144
2;14;35;93397
2;14;36;91413
2;14;37;97124
2;14;38;93456
2;14;39;80979
2;14;40;90936
2;14;41;98243
2;14;42;86955
2;14;43;84446
2;14;44;81678
2;14;45;94751
2;14;46;98182
2;14;47;97450
2;14;48;82681
2;14;49;86288
2;14;50;80273
2;14;51;96212
2;14;52;84597
2;14;53;81882
2;14;54;82788
2;14;55;84929
2;14;56;89007
2;14;57;90859
2;14;58;96235
2;14;59;87566
2;14;60;88098
2;14;61;86750
2;14;62;84399
2;14;63;95043
2;14;64;94760
2;14;65;84131
2;14;66;85199
3;14;1;79700
3;14;2;97699
3;14;3;86254
3;14;4;83749
3;14;5;89862
3;14;6;82501
3;14;7;96186
3;14;8;96595
3;14;9;80186
3;14;10;90637
3;14;11;86921
3;14;12;78197
3;14;13;82463
3;14;14;95289
3;14;15;85267
3;14;16;89561
3;14;17;91944
3;14;18;89119
3;14;19;83227
3;14;20;84463
3;14;21;81873
3;14;22;84085
3;14;23;85644
3;14;24;87452
3;14;25;91136
3;14;26;92993
3;14;27;90032
3;14;28;81195
3;14;29;80280
3;14;30;89185
3;14;31;88397
3;14;32;82218
3;14;33;89924
3;14;34;90487
3;14;35;96850
3;14;36;88825
3;14;37;88691
3;14;38;96254
3;14;39;93265
3;14;40;83593
3;14;41;82163
3;14;42;78930
3;14;43;82390
3;14;44;93098
3;14;45;95953
3;14;46;92425
3;14;47;79536
3;14;48;90162
3;14;49;92228
3;14;50;95428
3;14;51;83754
3;14;52;91530
3;14;53;83469
3;14;54;95646
3;14;55;83648
3;14;56;95956
3;14;57;85543
3;14;58;89487
3;14;59;97891
3;14;60;94387
3;14;61;90676
3;14;62;90732
3;14;63;93881
3;14;64;78412
3;14;65;78148
3;14;66;78534
4;14;1;85243
4;14;2;94965
4;14;3;90004
4;14;4;94942
4;14;5;83815
4;14;6;94513
4;14;7;82153
4;14;8;84410
4;14;9;84113
4;14;10;92443
4;14;11;91689
4;14;12;93465
4;14;13;87987
4;14;14;81001
4;14;15;79121
4;14;16;83156
4;14;17;80293
4;14;18;90411
4;14;19;81069
4;14;20;89031
4;14;21;80737
4;14;22;87563
4;14;23;78334
4;14;24;93818
4;14;25;85953
4;14;26;93090
4;14;27;91302
4;14;28;94807
4;14;29;82060
4;14;30;80726
4;14;31;96362
4;14;32;79321
4;14;33;98209
4;14;34;82128
4;14;35;80837
4;14;36;79162
4;14;37;83082
4;14;38;85225
4;14;39;92001
4;14;40;84354
4;14;41;92110
4;14;42;84109
4;14;43;81995
4;14;44;91298
4;14;45;88825
4;14;46;82529
4;14;47;78363
4;14;48;80721
4;14;49;80702
4;14;50;95180
4;14;51;90479
4;14;52;78101
4;14;53;79942
4;14;54;92848
4;14;55;81586
4;14;56;91795
4;14;57;82751
4;14;58;84738
4;14;59;86287
4;14;60;85295
4;14;61;78937
4;14;62;78440
4;14;63;84920
4;14;64;92879
4;14;65;97972
4;14;66;86928
4;14;67;92594
4;14;68;94980
4;14;69;96640
4;14;70;96104
4;14;71;83054
4;14;72;84897
4;14;73;84538
4;14;74;96146
4;14;75;84122
4;14;76;90637
4;14;77;79211
4;14;78;85094
5;14;1;96545
5;14;2;85789
5;14;3;90571
5;14;4;96340
5;14;5;90926
5;14;6;78527
5;14;7;95055
5;14;8;91840
5;14;9;82158
5;14;10;97894
5;14;11;86244
5;14;12;91781
5;14;13;84784
5;14;14;82619
5;14;15;79336
5;14;16;95201
5;14;17;80950
5;14;18;82041
5;14;19;84660
5;14;20;94623
5;14;21;93334
5;14;22;91510
5;14;23;86759
5;14;24;93597
5;14;25;83949
5;14;26;80714
5;14;27;85197
5;14;28;83297
5;14;29;97959
5;14;30;93747
5;14;31;78522
5;14;32;95984
5;14;33;92315
5;14;34;88427
5;14;35;83080
5;14;36;88434
5;14;37;81857
5;14;38;79564
5;14;39;94824
5;14;40;94349
5;14;41;87077
5;14;42;87092
5;14;43;85816
5;14;44;94652
5;14;45;82986
5;14;46;79075
5;14;47;82805
5;14;48;86749
5;14;49;95168
5;14;50;98053
5;14;51;83747
1;15;1;86637
1;15;2;96174
1;15;3;96779
1;15;4;98298
1;15;5;96654
1;15;6;87079
1;15;7;93477
1;15;8;91354
1;15;9;92799
1;15;10;81362
1;15;11;88609
1;15;12;91818
1;15;13;81775
1;15;14;89416
1;15;15;96639
1;15;16;95114
1;15;17;97790
1;15;18;82594
1;15;19;90757
1;15;20;93901
1;15;21;88921
1;15;22;90693
1;15;23;96177
1;15;24;80299
1;15;25;93701
1;15;26;78080
1;15;27;79431
1;15;28;95572
1;15;29;81904
1;15;30;83379
1;15;31;85847
1;15;32;92698
1;15;33;84529
1;15;34;86554
1;15;35;98359
1;15;36;81504
1;15;37;86170
1;15;38;90822
1;15;39;94937
1;15;40;97775
1;15;41;82535
1;15;42;78306
1;15;43;79444
1;15;44;97866
1;15;45;92267
1;15;46;96700
1;15;47;96901
1;15;48;87164
1;15;49;93313
1;15;50;97455
1;15;51;81219
1;15;52;79280
1;15;53;78839
1;15;54;98356
1;15;55;78550
1;15;56;92459
2;15;1;92153
2;15;2;93892
2;15;3;93100
2;15;4;98145
2;15;5;84440
2;15;6;94293
2;15;7;79067
2;15;8;97643
2;15;9;79468
2;15;10;87801
2;15;11;98073
2;15;12;97983
2;15;13;86990
2;15;14;96902
2;15;15;90570
2;15;16;81377
2;15;17;94664
2;15;18;94938
2;15;19;90159
2;15;20;90993
2;15;21;81932
2;15;22;91662
2;15;23;89806
2;15;24;92063
2;15;25;79721
2;15;26;88026
2;15;27;95372
2;15;28;79140
2;15;29;78167
2;15;30;93993
2;15;31;79071
2;15;32;88348
2;15;33;84650
2;15;34;88981
2;15;35;81698
2;15;36;89317
2;15;37;78926
2;15;38;95013
2;15;39;97547
2;15;40;85366
2;15;41;83482
2;15;42;98020
2;15;43;94207
2;15;44;88592
2;15;45;81031
2;15;46;98121
2;15;47;94685
2;15;48;94693
2;15;49;86719
2;15;50;94138
2;15;51;94624
2;15;52;81888
2;15;53;79660
2;15;54;81518
2;15;55;87561
2;15;56;81728
2;15;57;80796
2;15;58;91274
2;15;59;96465
2;15;60;93341
2;15;61;84605
2;15;62;89877
2;15;63;88717
2;15;64;95048
2;15;65;83235
2;15;66;82611
3;15;1;89058
3;15;2;82367
3;15;3;83930
3;15;4;78146
3;15;5;88871
3;15;6;91708
3;15;7;79288
3;15;8;78954
3;15;9;92595
3;15;10;84189
3;15;11;81873
3;15;12;86056
3;15;13;94473
3;15;14;95293
3;15;15;97948
3;15;16;92562
3;15;17;91499
3;15;18;93895
3;15;19;80333
3;15;20;95992
3;15;21;94010
3;15;22;98429
3;15;23;92142
3;15;24;79545
3;15;25;88677
3;15;26;94059
3;15;27;91579
3;15;28;80183
3;15;29;85320
3;15;30;95915
3;15;31;94616
3;15;32;84910
3;15;33;89390
3;15;34;94629
3;15;35;84426
3;15;36;97354
3;15;37;86123
3;15;38;85891
3;15;39;96332
3;15;40;78380
3;15;41;79294
3;15;42;95537
3;15;43;81878
3;15;44;84011
3;15;45;93650
3;15;46;85944
3;15;47;79386
3;15;48;93071
3;15;49;90696
3;15;50;92676
3;15;51;91512
3;15;52;94091
3;15;53;85878
3;15;54;95830
3;15;55;81326
3;15;56;82268
3;15;57;82395
3;15;58;84928
3;15;59;90314
3;15;60;82418
3;15;61;90773
3;15;62;91902
3;15;63;98060
3;15;64;81946
3;15;65;85908
3;15;66;85871
4;15;1;94029
4;15;2;92730
4;15;3;86366
4;15;4;83731
4;15;5;95448
4;15;6;88151
4;15;7;83406
4;15;8;78150
4;15;9;97101
4;15;10;94067
4;15;11;85797
4;15;12;88278
4;15;13;85827
4;15;14;80787
4;15;15;94509
4;15;16;92920
4;15;17;84746
4;15;18;78940
4;15;19;92165
4;15;20;83420
4;15;21;82121
4;15;22;83536
4;15;23;98227
4;15;24;78234
4;15;25;81168
4;15;26;81868
4;15;27;95854
4;15;28;90053
4;15;29;97039
4;15;30;86735
4;15;31;83452
4;15;32;84130
4;15;33;83822
4;15;34;94366
4;15;35;84614
4;15;36;94480
4;15;37;98312
4;15;38;86254
4;15;39;96969
4;15;40;81053
4;15;41;91566
4;15;42;85108
4;15;43;95100
4;15;44;79640
4;15;45;94609
4;15;46;96126
4;15;47;82292
4;15;48;89529
4;15;49;84384
4;15;50;92746
4;15;51;92286
4;15;52;79247
4;15;53;78560
4;15;54;80227
4;15;55;88760
4;15;56;79327
4;15;57;80656
4;15;58;89072
4;15;59;86029
4;15;60;78045
4;15;61;92148
4;15;62;94996
4;15;63;84166
4;15;64;82545
4;15;65;88423
4;15;66;91876
4;15;67;85183
4;15;68;82517
4;15;69;80022
4;15;70;92686
4;15;71;92826
4;15;72;89381
4;15;73;87709
4;15;74;86031
4;15;75;81747
4;15;76;83367
4;15;77;95071
4;15;78;85145
5;15;1;87157
5;15;2;80103
5;15;3;81494
5;15;4;79583
5;15;5;82973
5;15;6;97514
5;15;7;82157
5;15;8;83171
5;15;9;94711
5;15;10;81851
5;15;11;93376
5;15;12;90025
5;15;13;82563
5;15;14;85227
5;15;15;86072
5;15;16;97516
5;15;17;85527
5;15;18;82003
5;15;19;79455
5;15;20;96114
5;15;21;85668
5;15;22;82415
5;15;23;88232
5;15;24;91750
5;15;25;84672
5;15;26;96563
5;15;27;98527
5;15;28;83411
5;15;29;89597
5;15;30;84599
5;15;31;86414
5;15;32;90171
5;15;33;91288
5;15;34;80500
5;15;35;88771
5;15;36;80808
5;15;37;95758
5;15;38;85491
5;15;39;87843
5;15;40;90183
5;15;41;94025
5;15;42;85942
5;15;43;92486
5;15;44;81357
5;15;45;82831
5;15;46;85481
5;15;47;80159
5;15;48;89207
5;15;49;97291
5;15;50;79115
5;15;51;92512
1;16;1;86770
1;16;2;87264
1;16;3;88335
1;16;4;90896
1;16;5;84118
1;16;6;88855
1;16;7;96040
1;16;8;95246
1;16;9;87501
1;16;10;95585
1;16;11;80935
1;16;12;89902
1;16;13;95575
1;16;14;94322
1;16;15;85559
1;16;16;86165
1;16;17;96626
1;16;18;84206
1;16;19;86388
1;16;20;91758
1;16;21;83802
1;16;22;94203
1;16;23;85108
1;16;24;89927
1;16;25;79156
1;16;26;78683
1;16;27;95010
1;16;28;92450
1;16;29;83978
1;16;30;86630
1;16;31;82630
1;16;32;86371
1;16;33;79202
1;16;34;91570
1;16;35;92800
1;16;36;84787
1;16;37;78717
1;16;38;83805
1;16;39;82666
1;16;40;86874
1;16;41;87294
1;16;42;83946
1;16;43;81896
1;16;44;88120
1;16;45;78290
1;16;46;92941
1;16;47;88314
1;16;48;93283
1;16;49;94492
1;16;50;81903
1;16;51;79792
1;16;52;97372
1;16;53;96394
1;16;54;88454
1;16;55;86613
1;16;56;87100
2;16;1;80617
2;16;2;79249
2;16;3;96029
2;16;4;80786
2;16;5;98324
2;16;6;98527
2;16;7;97773
2;16;8;89827
2;16;9;79412
2;16;10;94174
2;16;11;78032
2;16;12;79254
2;16;13;80000
2;16;14;79494
2;16;15;90422
2;16;16;84664
2;16;17;92667
2;16;18;78092
2;16;19;89696
2;16;20;86918
2;16;21;86190
2;16;22;91399
2;16;23;78440
2;16;24;79749
2;16;25;91302
2;16;26;81186
2;16;27;93104
2;16;28;79451
2;16;29;94331
2;16;30;92914
2;16;31;80602
2;16;32;79358
2;16;33;92809
2;16;34;82636
2;16;35;83919
2;16;36;85499
2;16;37;95376
2;16;38;90424
2;16;39;88380
2;16;40;98076
2;16;41;90772
2;16;42;87315
2;16;43;93771
2;16;44;98552
2;16;45;93483
2;16;46;96082
2;16;47;98283
2;16;48;81199
2;16;49;80444
2;16;50;85335
2;16;51;87412
2;16;52;96065
2;16;53;82455
2;16;54;80634
2;16;55;80366
2;16;56;79401
2;16;57;88001
2;16;58;81467
2;16;59;81994
2;16;60;91107
2;16;61;81500
2;16;62;93848
2;16;63;80450
2;16;64;83384
2;16;65;82481
2;16;66;92782
3;16;1;82234
3;16;2;87868
3;16;3;89945
3;16;4;78472
3;16;5;93777
3;16;6;91676
3;16;7;91720
3;16;8;82798
3;16;9;88333
3;16;10;97858
3;16;11;92773
3;16;12;79560
3;16;13;85133
3;16;14;86240
3;16;15;82493
3;16;16;90224
3;16;17;95750
3;16;18;89998
3;16;19;86815
3;16;20;93543
3;16;21;87016
3;16;22;92459
3;16;23;96730
3;16;24;90676
3;16;25;89090
3;16;26;92530
3;16;27;88331
3;16;28;92979
3;16;29;81262
3;16;30;93386
3;16;31;87046
3;16;32;97234
3;16;33;80258
3;16;34;88602
3;16;35;80256
3;16;36;85239
3;16;37;79779
3;16;38;80439
3;16;39;91301
3;16;40;92944
3;16;41;96010
3;16;42;82052
3;16;43;92619
3;16;44;87825
3;16;45;80239
3;16;46;89191
3;16;47;94472
3;16;48;97338
3;16;49;91326
3;16;50;93437
3;16;51;86427
3;16;52;78749
3;16;53;80530
3;16;54;92336
3;16;55;87403
3;16;56;94906
3;16;57;88035
3;16;58;78087
3;16;59;79119
3;16;60;78614
3;16;61;89766
3;16;62;81946
3;16;63;87926
3;16;64;86825
3;16;65;85950
3;16;66;96749
4;16;1;92722
4;16;2;91932
4;16;3;83736
4;16;4;84152
4;16;5;82046
4;16;6;93183
4;16;7;90708
4;16;8;78001
4;16;9;94029
4;16;10;97955
4;16;11;86775
4;16;12;87920
4;16;13;92782
4;16;14;93609
4;16;15;93683
4;16;16;80982
4;16;17;95583
4;16;18;96970
4;16;19;90061
4;16;20;85232
4;16;21;85945
4;16;22;84352
4;16;23;85584
4;16;24;94000
4;16;25;91998
4;16;26;85020
4;16;27;90185
4;16;28;94242
4;16;29;95932
4;16;30;85682
4;16;31;78309
4;16;32;86664
4;16;33;79123
4;16;34;83416
4;16;35;82714
4;16;36;97611
4;16;37;93943
4;16;38;81641
4;16;39;93626
4;16;40;78624
4;16;41;78131
4;16;42;90041
4;16;43;90719
4;16;44;92014
4;16;45;92130
4;16;46;89516
4;16;47;93876
4;16;48;86301
4;16;49;81545
4;16;50;93830
4;16;51;89123
4;16;52;88613
4;16;53;80680
4;16;54;85753
4;16;55;87278
4;16;56;92526
4;16;57;80323
4;16;58;92020
4;16;59;89218
4;16;60;93504
4;16;61;86958
4;16;62;87787
4;16;63;83570
4;16;64;91603
4;16;65;83096
4;16;66;87934
4;16;67;81931
4;16;68;80050
4;16;69;83169
4;16;70;96479
4;16;71;85458
4;16;72;81594
4;16;73;95449
4;16;74;81141
4;16;75;83458
4;16;76;80667
4;16;77;79785
4;16;78;88675
5;16;1;82761
5;16;2;94827
5;16;3;79378
5;16;4;87183
5;16;5;92636
5;16;6;83889
5;16;7;88674
5;16;8;81756
5;16;9;94808
5;16;10;83933
5;16;11;84395
5;16;12;96130
5;16;13;83664
5;16;14;83873
5;16;15;96965
5;16;16;83884
5;16;17;86726
5;16;18;95155
5;16;19;85559
5;16;20;78140
5;16;21;90372
5;16;22;88828
5;16;23;97717
5;16;24;95312
5;16;25;85352
5;16;26;80607
5;16;27;94911
5;16;28;93379
5;16;29;80882
5;16;30;79564
5;16;31;80533
5;16;32;93325
5;16;33;79197
5;16;34;97595
5;16;35;81660
5;16;36;84790
5;16;37;86747
5;16;38;90559
5;16;39;93349
5;16;40;82768
5;16;41;96422
5;16;42;83258
5;16;43;80505
5;16;44;87951
5;16;45;96736
5;16;46;87811
5;16;47;89347
5;16;48;97022
5;16;49;95601
5;16;50;94369
5;16;51;93013
1;17;1;88375
1;17;2;91292
1;17;3;83195
1;17;4;93572
1;17;5;82764
1;17;6;97395
1;17;7;93241
1;17;8;90037
1;17;9;88631
1;17;10;98180
1;17;11;93225
1;17;12;83667
1;17;13;83851
1;17;14;91957
1;17;15;97502
1;17;16;91216
1;17;17;79020
1;17;18;88308
1;17;19;80783
1;17;20;92032
1;17;21;96444
1;17;22;92667
1;17;23;90985
1;17;24;87339
1;17;25;88863
1;17;26;95615
1;17;27;92155
1;17;28;87295
1;17;29;81168
1;17;30;82264
1;17;31;82245
1;17;32;93653
1;17;33;85696
1;17;34;95516
1;17;35;88515
1;17;36;90917
1;17;37;88163
1;17;38;97904
1;17;39;84508
1;17;40;81065
1;17;41;93189
1;17;42;96334
1;17;43;93842
1;17;44;93969
1;17;45;85117
1;17;46;83415
1;17;47;88413
1;17;48;92247
1;17;49;82937
1;17;50;92529
1;17;51;96542
1;17;52;80102
1;17;53;94388
1;17;54;90260
1;17;55;88403
1;17;56;78593
2;17;1;82283
2;17;2;94821
2;17;3;86545
2;17;4;85807
2;17;5;86519
2;17;6;85024
2;17;7;82402
2;17;8;92812
2;17;9;90630
2;17;10;85834
2;17;11;90019
2;17;12;84303
2;17;13;83331
2;17;14;91587
2;17;15;97125
2;17;16;83385
2;17;17;98107
2;17;18;93962
2;17;19;96623
2;17;20;89835
2;17;21;87132
2;17;22;84057
2;17;23;83562
2;17;24;87422
2;17;25;87389
2;17;26;78245
2;17;27;93291
2;17;28;95152
2;17;29;82157
2;17;30;86674
2;17;31;87539
2;17;32;90904
2;17;33;85810
2;17;34;81963
2;17;35;91787
2;17;36;86789
2;17;37;94990
2;17;38;85595
2;17;39;95837
2;17;40;91445
2;17;41;95234
2;17;42;93420
2;17;43;91513
2;17;44;95231
2;17;45;89769
2;17;46;79711
2;17;47;87109
2;17;48;89645
2;17;49;98485
2;17;50;82459
2;17;51;81996
2;17;52;81159
2;17;53;89814
2;17;54;95464
2;17;55;80285
2;17;56;91270
2;17;57;86882
2;17;58;80764
2;17;59;83660
2;17;60;81299
2;17;61;88460
2;17;62;87064
2;17;63;90730
2;17;64;93403
2;17;65;83508
2;17;66;81219
3;17;1;83202
3;17;2;80786
3;17;3;86352
3;17;4;98120
3;17;5;81789
3;17;6;88522
3;17;7;80446
3;17;8;88761
3;17;9;93574
3;17;10;92676
3;17;11;93157
3;17;12;93100
3;17;13;87497
3;17;14;92615
3;17;15;94205
3;17;16;94555
3;17;17;89191
3;17;18;95012
3;17;19;98333
3;17;20;83866
3;17;21;82159
3;17;22;91981
3;17;23;97125
3;17;24;89717
3;17;25;88764
3;17;26;82560
3;17;27;97698
3;17;28;80532
3;17;29;86298
3;17;30;82479
3;17;31;91638
3;17;32;87466
3;17;33;91017
3;17;34;85775
3;17;35;89475
3;17;36;89805
3;17;37;81453
3;17;38;81652
3;17;39;84880
3;17;40;96759
3;17;41;98007
3;17;42;80882
3;17;43;80249
3;17;44;79790
3;17;45;98349
3;17;46;79377
3;17;47;97169
3;17;48;93797
3;17;49;85759
3;17;50;92976
3;17;51;92072
3;17;52;96980
3;17;53;91967
3;17;54;95642
3;17;55;92285
3;17;56;86614
3;17;57;89521
3;17;58;96885
3;17;59;96759
3;17;60;78454
3;17;61;93225
3;17;62;86266
3;17;63;84795
3;17;64;82767
3;17;65;94239
3;17;66;82988
4;17;1;96758
4;17;2;85807
4;17;3;83316
4;17;4;78422
4;17;5;98075
4;17;6;85810
4;17;7;81402
4;17;8;95540
4;17;9;95094
4;17;10;87973
4;17;11;92836
4;17;12;94050
4;17;13;84123
4;17;14;95788
4;17;15;91058
4;17;16;79927
4;17;17;89466
4;17;18;94110
4;17;19;90067
4;17;20;88229
4;17;21;93304
4;17;22;85482
4;17;23;92273
4;17;24;85938
4;17;25;88446
4;17;26;96530
4;17;27;82941
4;17;28;86476
4;17;29;86806
4;17;30;90163
4;17;31;87989
4;17;32;91521
4;17;33;79979
4;17;34;82175
4;17;35;97188
4;17;36;88928
4;17;37;96100
4;17;38;97229
4;17;39;89458
4;17;40;96438
4;17;41;91403
4;17;42;92906
4;17;43;87284
4;17;44;86395
4;17;45;79313
4;17;46;89644
4;17;47;97550
4;17;48;84099
4;17;49;90195
4;17;50;83473
4;17;51;79741
4;17;52;88965
4;17;53;81686
4;17;54;96019
4;17;55;94578
4;17;56;88894
4;17;57;90675
4;17;58;78344
4;17;59;93021
4;17;60;95319
4;17;61;89495
4;17;62;85824
4;17;63;82083
4;17;64;80031
4;17;65;90181
4;17;66;95660
4;17;67;87758
4;17;68;79802
4;17;69;85969
4;17;70;95737
4;17;71;89490
4;17;72;94132
4;17;73;87630
4;17;74;95855
4;17;75;97493
4;17;76;88417
4;17;77;86815
4;17;78;80526
5;17;1;83883
5;17;2;95584
5;17;3;91336
5;17;4;97517
5;17;5;80457
5;17;6;96305
5;17;7;85188
5;17;8;81279
5;17;9;92112
5;17;10;93067
5;17;11;95361
5;17;12;84805
5;17;13;80279
5;17;14;82126
5;17;15;91030
5;17;16;88749
5;17;17;97152
5;17;18;95628
5;17;19;92200
5;17;20;91876
5;17;21;88385
5;17;22;95796
5;17;23;94649
5;17;24;89604
5;17;25;96560
5;17;26;83223
5;17;27;79495
5;17;28;97179
5;17;29;89023
5;17;30;78541
5;17;31;98450
5;17;32;97280
5;17;33;85007
5;17;34;93472
5;17;35;87028
5;17;36;95440
5;17;37;83670
5;17;38;95332
5;17;39;85085
5;17;40;80805
5;17;41;79625
5;17;42;89046
5;17;43;95438
5;17;44;80073
5;17;45;87646
5;17;46;84443
5;17;47;91149
5;17;48;87472
5;17;49;85925
5;17;50;80199
5;17;51;91548
1;18;1;81292
1;18;2;90689
1;18;3;91811
1;18;4;96224
1;18;5;91136
1;18;6;78015
1;18;7;79334
1;18;8;81542
1;18;9;89552
1;18;10;97198
1;18;11;96126
1;18;12;88727
1;18;13;81696
1;18;14;97037
1;18;15;89720
1;18;16;87198
1;18;17;83549
1;18;18;88083
1;18;19;94639
1;18;20;96337
1;18;21;89435
1;18;22;88439
1;18;23;89618
1;18;24;82565
1;18;25;98528
1;18;26;96297
1;18;27;97891
1;18;28;79345
1;18;29;90024
1;18;30;84911
1;18;31;95633
1;18;32;90582
1;18;33;87192
1;18;34;86305
1;18;35;90708
1;18;36;96445
1;18;37;83565
1;18;38;79547
1;18;39;94446
1;18;40;83073
1;18;41;96979
1;18;42;88206
1;18;43;89752
1;18;44;80777
1;18;45;93493
1;18;46;81922
1;18;47;95091
1;18;48;87757
1;18;49;91153
1;18;50;94227
1;18;51;87242
1;18;52;82367
1;18;53;95696
1;18;54;86226
1;18;55;90267
1;18;56;97305
2;18;1;94017
2;18;2;78483
2;18;3;79908
2;18;4;86571
2;18;5;78631
2;18;6;81158
2;18;7;80972
2;18;8;79181
2;18;9;92419
2;18;10;97751
2;18;11;78652
2;18;12;96988
2;18;13;98458
2;18;14;84825
2;18;15;91321
2;18;16;95261
2;18;17;89364
2;18;18;96512
2;18;19;81877
2;18;20;80867
2;18;21;91088
2;18;22;94821
2;18;23;87922
2;18;24;96925
2;18;25;86961
2;18;26;80559
2;18;27;81063
2;18;28;81721
2;18;29;84185
2;18;30;85387
2;18;31;80035
2;18;32;88042
2;18;33;97367
2;18;34;86271
2;18;35;80623
2;18;36;95475
2;18;37;96703
2;18;38;90431
2;18;39;81151
2;18;40;94153
2;18;41;95024
2;18;42;95717
2;18;43;87087
2;18;44;90725
2;18;45;91713
2;18;46;87664
2;18;47;96409
2;18;48;86644
2;18;49;82649
2;18;50;79688
2;18;51;91496
2;18;52;81687
2;18;53;82500
2;18;54;93227
2;18;55;98086
2;18;56;84164
2;18;57;82598
2;18;58;98434
2;18;59;82605
2;18;60;79741
2;18;61;97539
2;18;62;90230
2;18;63;93945
2;18;64;86058
2;18;65;85402
2;18;66;93459
3;18;1;96797
3;18;2;87881
3;18;3;81697
3;18;4;91215
3;18;5;86969
3;18;6;87907
3;18;7;84672
3;18;8;91696
3;18;9;89201
3;18;10;84687
3;18;11;97085
3;18;12;83692
3;18;13;97435
3;18;14;78067
3;18;15;80417
3;18;16;91089
3;18;17;84130
3;18;18;93231
3;18;19;90625
3;18;20;98197
3;18;21;84567
3;18;22;84837
3;18;23;80992
3;18;24;82225
3;18;25;82058
3;18;26;85652
3;18;27;82549
3;18;28;90396
3;18;29;91238
3;18;30;91915
3;18;31;82714
3;18;32;93723
3;18;33;88639
3;18;34;88881
3;18;35;97423
3;18;36;96096
3;18;37;83213
3;18;38;97069
3;18;39;97322
3;18;40;96262
3;18;41;87169
3;18;42;94955
3;18;43;89733
3;18;44;81621
3;18;45;79449
3;18;46;87153
3;18;47;91067
3;18;48;80528
3;18;49;97639
3;18;50;94309
3;18;51;96922
3;18;52;80904
3;18;53;90267
3;18;54;91825
3;18;55;93793
3;18;56;78779
3;18;57;79142
3;18;58;80220
3;18;59;80044
3;18;60;79249
3;18;61;98031
3;18;62;89841
3;18;63;91952
3;18;64;83077
3;18;65;93294
3;18;66;98370
4;18;1;83596
4;18;2;81927
4;18;3;86481
4;18;4;78809
4;18;5;82134
4;18;6;98089
4;18;7;91503
4;18;8;78485
4;18;9;85251
4;18;10;82175
4;18;11;85851
4;18;12;79547
4;18;13;95725
4;18;14;83869
4;18;15;93140
4;18;16;81149
4;18;17;84233
4;18;18;86540
4;18;19;97046
4;18;20;94465
4;18;21;92913
4;18;22;91130
4;18;23;92455
4;18;24;90790
4;18;25;89801
4;18;26;86752
4;18;27;91749
4;18;28;82158
4;18;29;86926
4;18;30;80477
4;18;31;89859
4;18;32;91864
4;18;33;83355
4;18;34;89651
4;18;35;81903
4;18;36;78289
4;18;37;88590
4;18;38;93191
4;18;39;87333
4;18;40;92904
4;18;41;78233
4;18;42;90505
4;18;43;95306
4;18;44;92379
4;18;45;92504
4;18;46;84987
4;18;47;95981
4;18;48;91204
4;18;49;91525
4;18;50;94717
4;18;51;83322
4;18;52;85689
4;18;53;96618
4;18;54;81667
4;18;55;81326
4;18;56;80392
4;18;57;86575
4;18;58;94207
4;18;59;94429
4;18;60;97543
4;18;61;79040
4;18;62;98098
4;18;63;91472
4;18;64;89274
4;18;65;78341
4;18;66;98205
4;18;67;78513
4;18;68;95465
4;18;69;84005
4;18;70;89409
4;18;71;87558
4;18;72;89241
4;18;73;82477
4;18;74;93912
4;18;75;96861
4;18;76;82213
4;18;77;86074
4;18;78;79586
5;18;1;83240
5;18;2;87595
5;18;3;97486
5;18;4;91029
5;18;5;94941
5;18;6;80569
5;18;7;93067
5;18;8;79473
5;18;9;92216
5;18;10;88777
5;18;11;78686
5;18;12;78302
5;18;13;88148
5;18;14;94556
5;18;15;83466
5;18;16;93440
5;18;17;83679
5;18;18;85230
5;18;19;89227
5;18;20;80481
5;18;21;97114
5;18;22;89840
5;18;23;79009
5;18;24;95576
5;18;25;87085
5;18;26;93080
5;18;27;83381
5;18;28;92224
5;18;29;96007
5;18;30;85436
5;18;31;89508
5;18;32;97425
5;18;33;94734
5;18;34;98284
5;18;35;80361
5;18;36;96356
5;18;37;90691
5;18;38;91676
5;18;39;82103
5;18;40;90319
5;18;41;83824
5;18;42;78820
5;18;43;93008
5;18;44;88424
5;18;45;97914
5;18;46;85115
5;18;47;78685
5;18;48;96566
5;18;49;86618
5;18;50;92047
5;18;51;86248
1;19;1;83337
1;19;2;98435
1;19;3;98231
1;19;4;87367
1;19;5;93978
1;19;6;94199
1;19;7;96015
1;19;8;93076
1;19;9;79580
1;19;10;90543
1;19;11;80188
1;19;12;78092
1;19;13;89099
1;19;14;89873
1;19;15;91139
1;19;16;95273
1;19;17;78773
1;19;18;90923
1;19;19;98329
1;19;20;82849
1;19;21;88325
1;19;22;95583
1;19;23;91978
1;19;24;95419
1;19;25;78651
1;19;26;94991
1;19;27;92614
1;19;28;91360
1;19;29;93228
1;19;30;94367
1;19;31;86983
1;19;32;87294
1;19;33;84988
1;19;34;96982
1;19;35;85519
1;19;36;91719
1;19;37;84461
1;19;38;90699
1;19;39;87876
1;19;40;85268
1;19;41;81851
1;19;42;98512
1;19;43;91300
1;19;44;82268
1;19;45;83543
1;19;46;93844
1;19;47;85502
1;19;48;88159
1;19;49;84205
1;19;50;86481
1;19;51;84255
1;19;52;79376
1;19;53;97986
1;19;54;86465
1;19;55;88267
1;19;56;88679
2;19;1;92776
2;19;2;92571
2;19;3;94584
2;19;4;88063
2;19;5;94001
2;19;6;95660
2;19;7;84503
2;19;8;79590
2;19;9;81002
2;19;10;86932
2;19;11;96634
2;19;12;96249
2;19;13;86207
2;19;14;91266
2;19;15;91374
2;19;16;83126
2;19;17;80823
2;19;18;98395
2;19;19;80567
2;19;20;95164
2;19;21;93991
2;19;22;85321
2;19;23;98190
2;19;24;97557
2;19;25;81557
2;19;26;92015
2;19;27;87687
2;19;28;78516
2;19;29;94152
2;19;30;78684
2;19;31;90421
2;19;32;83290
2;19;33;89191
2;19;34;81700
2;19;35;83716
2;19;36;97118
2;19;37;84962
2;19;38;81550
2;19;39;80775
2;19;40;81663
2;19;41;90132
2;19;42;78416
2;19;43;92619
2;19;44;91088
2;19;45;97575
2;19;46;95936
2;19;47;81026
2;19;48;79450
2;19;49;95415
2;19;50;89760
2;19;51;96661
2;19;52;82006
2;19;53;98169
2;19;54;97431
2;19;55;90289
2;19;56;94774
2;19;57;94208
2;19;58;97094
2;19;59;90052
2;19;60;96591
2;19;61;83117
2;19;62;89901
2;19;63;97061
2;19;64;92882
2;19;65;98253
2;19;66;92831
3;19;1;91647
3;19;2;89006
3;19;3;81281
3;19;4;94363
3;19;5;91188
3;19;6;86050
3;19;7;95101
3;19;8;82760
3;19;9;86720
3;19;10;86396
3;19;11;82532
3;19;12;82871
3;19;13;79175
3;19;14;82754
3;19;15;88944
3;19;16;79556
3;19;17;84997
3;19;18;92652
3;19;19;97919
3;19;20;79677
3;19;21;93990
3;19;22;94724
3;19;23;91096
3;19;24;80639
3;19;25;85211
3;19;26;89898
3;19;27;88749
3;19;28;79449
3;19;29;79741
3;19;30;98142
3;19;31;95197
3;19;32;79482
3;19;33;80657
3;19;34;90778
3;19;35;97265
3;19;36;95181
3;19;37;89753
3;19;38;94813
3;19;39;86079
3;19;40;98547
3;19;41;87905
3;19;42;89084
3;19;43;85230
3;19;44;90240
3;19;45;83863
3;19;46;87207
3;19;47;81704
3;19;48;85433
3;19;49;87161
3;19;50;98270
3;19;51;82496
3;19;52;91538
3;19;53;80844
3;19;54;84732
3;19;55;85420
3;19;56;90468
3;19;57;94938
3;19;58;98408
3;19;59;95143
3;19;60;86490
3;19;61;88592
3;19;62;94047
3;19;63;86093
3;19;64;90305
3;19;65;96948
3;19;66;79591
4;19;1;92887
4;19;2;85223
4;19;3;94822
4;19;4;89291
4;19;5;94629
4;19;6;81686
4;19;7;90864
4;19;8;97598
4;19;9;86178
4;19;10;95826
4;19;11;82593
4;19;12;79723
4;19;13;89368
4;19;14;82412
4;19;15;86722
4;19;16;92836
4;19;17;91485
4;19;18;93408
4;19;19;82174
4;19;20;96016
4;19;21;78715
4;19;22;87420
4;19;23;78235
4;19;24;98000
4;19;25;88195
4;19;26;92569
4;19;27;79299
4;19;28;93467
4;19;29;87249
4;19;30;95349
4;19;31;98163
4;19;32;85239
4;19;33;96958
4;19;34;81583
4;19;35;81785
4;19;36;80180
4;19;37;91503
4;19;38;82239
4;19;39;98119
4;19;40;82691
4;19;41;94794
4;19;42;82879
4;19;43;86734
4;19;44;95034
4;19;45;79974
4;19;46;86574
4;19;47;82878
4;19;48;88173
4;19;49;93266
4;19;50;85001
4;19;51;91752
4;19;52;93550
4;19;53;88760
4;19;54;78389
4;19;55;97358
4;19;56;91696
4;19;57;78212
4;19;58;92774
4;19;59;92310
4;19;60;78593
4;19;61;82592
4;19;62;94257
4;19;63;78578
4;19;64;95238
4;19;65;78886
4;19;66;92101
4;19;67;98165
4;19;68;81526
4;19;69;79136
4;19;70;85793
4;19;71;87024
4;19;72;86991
4;19;73;95430
4;19;74;85216
4;19;75;81436
4;19;76;98056
4;19;77;85025
4;19;78;91175
5;19;1;84512
5;19;2;82532
5;19;3;88803
5;19;4;86769
5;19;5;88141
5;19;6;80520
5;19;7;93787
5;19;8;82494
5;19;9;97986
5;19;10;92268
5;19;11;92618
5;19;12;86221
5;19;13;78463
5;19;14;85076
5;19;15;91309
5;19;16;87617
5;19;17;84170
5;19;18;93319
5;19;19;87369
5;19;20;84966
5;19;21;85263
5;19;22;95163
5;19;23;93869
5;19;24;84160
5;19;25;82371
5;19;26;93436
5;19;27;85115
5;19;28;93340
5;19;29;95263
5;19;30;95302
5;19;31;91177
5;19;32;91520
5;19;33;87527
5;19;34;82930
5;19;35;88928
5;19;36;92271
5;19;37;90198
5;19;38;85361
5;19;39;90408
5;19;40;88527
5;19;41;87482
5;19;42;92116
5;19;43;81476
5;19;44;84091
5;19;45;90402
5;19;46;82492
5;19;47;96253
5;19;48;78600
5;19;49;95134
5;19;50;78340
5;19;51;78563
1;20;1;90672
1;20;2;94816
1;20;3;82145
1;20;4;93457
1;20;5;92989
1;20;6;89454
1;20;7;95624
1;20;8;97925
1;20;9;89575
1;20;10;95100
1;20;11;83917
1;20;12;78144
1;20;13;88594
1;20;14;96388
1;20;15;87349
1;20;16;85221
1;20;17;86250
1;20;18;86223
1;20;19;82923
1;20;20;83402
1;20;21;95253
1;20;22;81649
1;20;23;83895
1;20;24;95287
1;20;25;86511
1;20;26;85132
1;20;27;98012
1;20;28;82299
1;20;29;79946
1;20;30;92026
1;20;31;87390
1;20;32;79465
1;20;33;84167
1;20;34;84076
1;20;35;97438
1;20;36;89766
1;20;37;82461
1;20;38;81478
1;20;39;94933
1;20;40;95864
1;20;41;79192
1;20;42;98514
1;20;43;91296
1;20;44;82745
1;20;45;96741
1;20;46;94307
1;20;47;84174
1;20;48;84221
1;20;49;84783
1;20;50;96598
1;20;51;89979
1;20;52;86520
1;20;53;80363
1;20;54;92798
1;20;55;96716
1;20;56;95442
2;20;1;87721
2;20;2;85204
2;20;3;94121
2;20;4;90464
2;20;5;90937
2;20;6;96408
2;20;7;95671
2;20;8;87313
2;20;9;89500
2;20;10;95818
2;20;11;83669
2;20;12;80474
2;20;13;88056
2;20;14;93633
2;20;15;93314
2;20;16;88896
2;20;17;82821
2;20;18;81292
2;20;19;87920
2;20;20;94601
2;20;21;94630
2;20;22;80152
2;20;23;83131
2;20;24;92011
2;20;25;91077
2;20;26;93876
2;20;27;79864
2;20;28;84394
2;20;29;95868
2;20;30;84514
2;20;31;82123
2;20;32;95023
2;20;33;95728
2;20;34;86121
2;20;35;88128
2;20;36;86582
2;20;37;91867
2;20;38;83244
2;20;39;83483
2;20;40;96519
2;20;41;91883
2;20;42;84652
2;20;43;90734
2;20;44;86178
2;20;45;87839
2;20;46;87863
2;20;47;80775
2;20;48;92690
2;20;49;84539
2;20;50;88723
2;20;51;94987
2;20;52;94857
2;20;53;83267
2;20;54;88197
2;20;55;81268
2;20;56;96238
2;20;57;90154
2;20;58;83279
2;20;59;81995
2;20;60;89364
2;20;61;97198
2;20;62;86599
2;20;63;86275
2;20;64;91864
2;20;65;94927
2;20;66;80468
3;20;1;88705
3;20;2;96461
3;20;3;94027
3;20;4;91400
3;20;5;92333
3;20;6;97298
3;20;7;86120
3;20;8;78431
3;20;9;95847
3;20;10;85838
3;20;11;90922
3;20;12;81678
3;20;13;95170
3;20;14;84461
3;20;15;93560
3;20;16;84506
3;20;17;85022
3;20;18;82291
3;20;19;90113
3;20;20;91458
3;20;21;83856
3;20;22;90355
3;20;23;92342
3;20;24;81640
3;20;25;94651
3;20;26;90820
3;20;27;97284
3;20;28;95478
3;20;29;82833
3;20;30;87631
3;20;31;95784
3;20;32;96012
3;20;33;85654
3;20;34;83518
3;20;35;88260
3;20;36;90942
3;20;37;90305
3;20;38;95450
3;20;39;87438
3;20;40;80012
3;20;41;90060
3;20;42;98422
3;20;43;94412
3;20;44;98550
3;20;45;95818
3;20;46;92333
3;20;47;89539
3;20;48;89830
3;20;49;94591
3;20;50;86976
3;20;51;89634
3;20;52;88922
3;20;53;91013
3;20;54;88562
3;20;55;90580
3;20;56;96632
3;20;57;81554
3;20;58;98580
3;20;59;93282
3;20;60;88128
3;20;61;83252
3;20;62;86098
3;20;63;90126
3;20;64;78502
3;20;65;85557
3;20;66;95831
4;20;1;97094
4;20;2;95807
4;20;3;94066
4;20;4;94393
4;20;5;80535
4;20;6;86052
4;20;7;92710
4;20;8;84029
4;20;9;92322
4;20;10;97139
4;20;11;95598
4;20;12;84255
4;20;13;78106
4;20;14;79891
4;20;15;80350
4;20;16;82989
4;20;17;93093
4;20;18;80627
4;20;19;89593
4;20;20;78550
4;20;21;89404
4;20;22;86874
4;20;23;81932
4;20;24;90765
4;20;25;80684
4;20;26;84543
4;20;27;81125
4;20;28;98058
4;20;29;95348
4;20;30;98027
4;20;31;88754
4;20;32;85625
4;20;33;91813
4;20;34;84312
4;20;35;94382
4;20;36;78531
4;20;37;90361
4;20;38;82716
4;20;39;80796
4;20;40;95503
4;20;41;81586
4;20;42;96781
4;20;43;97321
4;20;44;96628
4;20;45;96019
4;20;46;96889
4;20;47;98241
4;20;48;97292
4;20;49;82420
4;20;50;91457
4;20;51;79220
4;20;52;80611
4;20;53;92711
4;20;54;87479
4;20;55;82383
4;20;56;79150
4;20;57;78149
4;20;58;84684
4;20;59;85845
4;20;60;82354
4;20;61;78225
4;20;62;92094
4;20;63;95363
4;20;64;83848
4;20;65;93906
4;20;66;82893
4;20;67;93046
4;20;68;95180
4;20;69;96337
4;20;70;94753
4;20;71;93804
4;20;72;89753
4;20;73;96667
4;20;74;86118
4;20;75;83121
4;20;76;80199
4;20;77;80690
4;20;78;97005
5;20;1;81975
5;20;2;95893
5;20;3;96133
5;20;4;91571
5;20;5;79269
5;20;6;88973
5;20;7;88835
5;20;8;82894
5;20;9;91802
5;20;10;83430
5;20;11;97847
5;20;12;97178
5;20;13;97434
5;20;14;83597
5;20;15;80227
5;20;16;79366
5;20;17;84321
5;20;18;89913
5;20;19;91441
5;20;20;91135
5;20;21;86655
5;20;22;91206
5;20;23;96022
5;20;24;78689
5;20;25;94439
5;20;26;93450
5;20;27;89986
5;20;28;88460
5;20;29;88252
5;20;30;95742
5;20;31;86332
5;20;32;78445
5;20;33;80012
5;20;34;89137
5;20;35;83444
5;20;36;84355
5;20;37;82033
5;20;38;94593
5;20;39;78515
5;20;40;83456
5;20;41;85511
5;20;42;95435
5;20;43;97398
5;20;44;92492
5;20;45;86178
5;20;46;83846
5;20;47;89642
5;20;48;78250
5;20;49;93321
5;20;50;86659
5;20;51;90064
1;21;1;80174
1;21;2;84471
1;21;3;94278
1;21;4;96245
1;21;5;97099
1;21;6;93085
1;21;7;89563
1;21;8;93140
1;21;9;98226
1;21;10;80060
1;21;11;88745
1;21;12;97623
1;21;13;78168
1;21;14;98584
1;21;15;79087
1;21;16;89406
1;21;17;81650
1;21;18;82437
1;21;19;82079
1;21;20;91196
1;21;21;80248
1;21;22;85353
1;21;23;88130
1;21;24;82478
1;21;25;92177
1;21;26;78217
1;21;27;91624
1;21;28;96018
1;21;29;90285
1;21;30;95551
1;21;31;92610
1;21;32;82442
1;21;33;93086
1;21;34;93855
1;21;35;90342
1;21;36;91607
1;21;37;96267
1;21;38;89194
1;21;39;81764
1;21;40;90707
1;21;41;97103
1;21;42;97447
1;21;43;94822
1;21;44;94815
1;21;45;84171
1;21;46;92680
1;21;47;91617
1;21;48;79405
1;21;49;83218
1;21;50;84964
1;21;51;80143
1;21;52;79155
1;21;53;88816
1;21;54;84728
1;21;55;94593
1;21;56;87042
2;21;1;94263
2;21;2;89585
2;21;3;90953
2;21;4;78226
2;21;5;94047
2;21;6;90836
2;21;7;94574
2;21;8;79684
2;21;9;88767
2;21;10;89100
2;21;11;93458
2;21;12;90296
2;21;13;80288
2;21;14;97631
2;21;15;96994
2;21;16;85700
2;21;17;90948
2;21;18;92088
2;21;19;83319
2;21;20;79819
2;21;21;82809
2;21;22;85490
2;21;23;88777
2;21;24;84735
2;21;25;89097
2;21;26;82337
2;21;27;95881
2;21;28;83659
2;21;29;81988
2;21;30;83337
2;21;31;87959
2;21;32;82692
2;21;33;79554
2;21;34;78852
2;21;35;97359
2;21;36;96775
2;21;37;81528
2;21;38;80431
2;21;39;80761
2;21;40;86160
2;21;41;82805
2;21;42;88553
2;21;43;78032
2;21;44;90210
2;21;45;91769
2;21;46;84806
2;21;47;79797
2;21;48;89103
2;21;49;93571
2;21;50;92391
2;21;51;87032
2;21;52;86481
2;21;53;84485
2;21;54;84528
2;21;55;81320
2;21;56;93120
2;21;57;85929
2;21;58;80010
2;21;59;89799
2;21;60;89220
2;21;61;96725
2;21;62;80099
2;21;63;87653
2;21;64;96237
2;21;65;91211
2;21;66;90608
3;21;1;87468
3;21;2;94930
3;21;3;92627
3;21;4;87305
3;21;5;82190
3;21;6;97425
3;21;7;90646
3;21;8;93042
3;21;9;88640
3;21;10;89318
3;21;11;96174
3;21;12;96916
3;21;13;89843
3;21;14;80667
3;21;15;83698
3;21;16;97738
3;21;17;91051
3;21;18;88365
3;21;19;81604
3;21;20;88799
3;21;21;81061
3;21;22;80233
3;21;23;83971
3;21;24;95261
3;21;25;87101
3;21;26;88225
3;21;27;94425
3;21;28;84887
3;21;29;85134
3;21;30;81153
3;21;31;97226
3;21;32;92906
3;21;33;97755
3;21;34;91926
3;21;35;81787
3;21;36;80366
3;21;37;87490
3;21;38;83346
3;21;39;96352
3;21;40;91729
3;21;41;90175
3;21;42;84828
3;21;43;96514
3;21;44;85616
3;21;45;86398
3;21;46;80607
3;21;47;83853
3;21;48;84439
3;21;49;92977
3;21;50;78999
3;21;51;81006
3;21;52;91191
3;21;53;87214
3;21;54;89911
3;21;55;94577
3;21;56;80661
3;21;57;92232
3;21;58;96232
3;21;59;96157
3;21;60;90647
3;21;61;83210
3;21;62;78709
3;21;63;97349
3;21;64;91668
3;21;65;84769
3;21;66;78537
4;21;1;92856
4;21;2;89443
4;21;3;91537
4;21;4;96582
4;21;5;94559
4;21;6;91943
4;21;7;83084
4;21;8;91068
4;21;9;91624
4;21;10;81651
4;21;11;91596
4;21;12;78704
4;21;13;83007
4;21;14;93168
4;21;15;90588
4;21;16;82612
4;21;17;82844
4;21;18;91805
4;21;19;94143
4;21;20;78997
4;21;21;78121
4;21;22;89478
4;21;23;78782
4;21;24;94096
4;21;25;87277
4;21;26;80377
4;21;27;93950
4;21;28;96230
4;21;29;80192
4;21;30;98571
4;21;31;86244
4;21;32;84173
4;21;33;90513
4;21;34;89243
4;21;35;78374
4;21;36;86150
4;21;37;78277
4;21;38;94507
4;21;39;78100
4;21;40;90485
4;21;41;85900
4;21;42;80750
4;21;43;98456
4;21;44;98335
4;21;45;90387
4;21;46;84201
4;21;47;93732
4;21;48;78173
4;21;49;87077
4;21;50;96491
4;21;51;91167
4;21;52;91608
4;21;53;95040
4;21;54;96492
4;21;55;84102
4;21;56;78694
4;21;57;86374
4;21;58;95526
4;21;59;90742
4;21;60;94327
4;21;61;82034
4;21;62;86749
4;21;63;97278
4;21;64;89649
4;21;65;80195
4;21;66;89997
4;21;67;85558
4;21;68;91903
4;21;69;82831
4;21;70;89094
4;21;71;87775
4;21;72;83226
4;21;73;92930
4;21;74;85898
4;21;75;95486
4;21;76;84270
4;21;77;93932
4;21;78;94445
5;21;1;89725
5;21;2;82121
5;21;3;90050
5;21;4;78255
5;21;5;89899
5;21;6;82302
5;21;7;78338
5;21;8;90325
5;21;9;82870
5;21;10;89271
5;21;11;79583
5;21;12;89441
5;21;13;86937
5;21;14;96333
5;21;15;79561
5;21;16;78855
5;21;17;79086
5;21;18;96066
5;21;19;95700
5;21;20;96753
5;21;21;81293
5;21;22;95436
5;21;23;95128
5;21;24;81879
5;21;25;85119
5;21;26;88139
5;21;27;93234
5;21;28;97710
5;21;29;98122
5;21;30;80499
5;21;31;86988
5;21;32;95094
5;21;33;88466
5;21;34;89133
5;21;35;82841
5;21;36;84802
5;21;37;79822
5;21;38;83407
5;21;39;79308
5;21;40;81242
5;21;41;91746
5;21;42;85930
5;21;43;82322
5;21;44;94210
5;21;45;93075
5;21;46;85517
5;21;47;92557
5;21;48;84888
5;21;49;79258
5;21;50;98231
5;21;51;84658
